date,star_change,fork_change
2015/11/18  0:00,0.0,0.0
2015/11/19  0:00,1830.0,202.0
2015/11/20  0:00,549.0,48.0
2015/11/21  0:00,433.0,51.0
2015/11/22  0:00,284.0,46.0
2015/11/23  0:00,204.0,27.0
2015/11/24  0:00,237.0,39.0
2015/11/25  0:00,106.0,29.0
2015/11/26  0:00,201.0,48.0
2015/11/27  0:00,121.0,25.0
2015/11/28  0:00,58.0,8.0
2015/11/29  0:00,51.0,10.0
2015/11/30  0:00,106.0,17.0
2015/12/01  0:00,47.0,9.0
2015/12/02  0:00,67.0,8.0
2015/12/03  0:00,92.0,26.0
2015/12/04  0:00,37.0,14.0
2015/12/06  0:00,67.0,16.0
2015/12/07  0:00,86.0,27.0
2015/12/08  0:00,20.0,5.0
2015/12/09  0:00,59.0,21.0
2015/12/10  0:00,38.0,1.0
2015/12/11  0:00,23.0,5.0
2015/12/12  0:00,23.0,9.0
2015/12/15  0:00,137.0,34.0
2015/12/16  0:00,24.0,7.0
2015/12/17  0:00,43.0,13.0
2015/12/18  0:00,27.0,9.0
2015/12/19  0:00,21.0,1.0
2015/12/20  0:00,36.0,3.0
2015/12/21  0:00,59.0,4.0
2015/12/22  0:00,33.0,1.0
2015/12/23  0:00,21.0,8.0
2015/12/24  0:00,41.0,4.0
2015/12/25  0:00,26.0,3.0
2015/12/26  0:00,17.0,2.0
2015/12/28  0:00,53.0,6.0
2015/12/29  0:00,21.0,1.0
2015/12/30  0:00,19.0,0.0
2015/12/31  0:00,26.0,5.0
2016/01/01  0:00,11.0,2.0
2016/01/03  0:00,26.0,5.0
2016/01/04  0:00,33.0,6.0
2016/01/05  0:00,29.0,8.0
2016/01/06  0:00,93.0,15.0
2016/01/07  0:00,12.0,3.0
2016/01/08  0:00,27.0,5.0
2016/01/09  0:00,32.0,1.0
2016/01/11  0:00,40.0,7.0
2016/01/12  0:00,25.0,12.0
2016/01/13  0:00,46.0,10.0
2016/01/14  0:00,30.0,5.0
2016/01/15  0:00,53.0,4.0
2016/01/16  0:00,28.0,9.0
2016/01/17  0:00,27.0,6.0
2016/01/18  0:00,13.0,0.0
2016/01/19  0:00,53.0,10.0
2016/01/20  0:00,27.0,6.0
2016/01/21  0:00,30.0,6.0
2016/01/22  0:00,25.0,6.0
2016/01/23  0:00,19.0,7.0
2016/01/24  0:00,29.0,8.0
2016/01/25  0:00,13.0,2.0
2016/01/27  0:00,94.0,13.0
2016/01/28  0:00,17.0,4.0
2016/01/29  0:00,11.0,-1.0
2016/01/30  0:00,36.0,5.0
2016/01/31  0:00,26.0,4.0
2016/02/01  0:00,34.0,7.0
2016/02/02  0:00,23.0,6.0
2016/02/03  0:00,28.0,8.0
2016/02/04  0:00,7.0,2.0
2016/02/05  0:00,24.0,11.0
2016/02/06  0:00,19.0,4.0
2016/02/08  0:00,42.0,7.0
2016/02/09  0:00,35.0,3.0
2016/02/10  0:00,13.0,1.0
2016/02/11  0:00,39.0,11.0
2016/02/12  0:00,24.0,4.0
2016/02/14  0:00,36.0,8.0
2016/02/15  0:00,39.0,3.0
2016/02/16  0:00,39.0,7.0
2016/02/17  0:00,28.0,4.0
2016/02/18  0:00,29.0,8.0
2016/02/19  0:00,23.0,2.0
2016/02/20  0:00,12.0,3.0
2016/02/22  0:00,66.0,9.0
2016/02/23  0:00,19.0,2.0
2016/02/24  0:00,10.0,1.0
2016/02/26  0:00,74.0,12.0
2016/02/27  0:00,31.0,6.0
2016/02/28  0:00,1.0,1.0
2016/02/29  0:00,47.0,7.0
2016/03/02  0:00,63.0,7.0
2016/03/03  0:00,76.0,12.0
2016/03/04  0:00,29.0,3.0
2016/03/06  0:00,23.0,4.0
2016/03/07  0:00,25.0,0.0
2016/03/08  0:00,47.0,6.0
2016/03/09  0:00,61.0,7.0
2016/03/10  0:00,39.0,3.0
2016/03/11  0:00,24.0,3.0
2016/03/12  0:00,25.0,1.0
2016/03/14  0:00,47.0,3.0
2016/03/15  0:00,42.0,10.0
2016/03/16  0:00,39.0,1.0
2016/03/17  0:00,48.0,3.0
2016/03/18  0:00,29.0,1.0
2016/03/20  0:00,43.0,10.0
2016/03/21  0:00,18.0,6.0
2016/03/22  0:00,38.0,6.0
2016/03/23  0:00,40.0,0.0
2016/03/24  0:00,13.0,3.0
2016/03/27  0:00,65.0,13.0
2016/03/28  0:00,22.0,-2.0
2016/03/29  0:00,35.0,13.0
2016/03/30  0:00,45.0,8.0
2016/03/31  0:00,38.0,2.0
2016/04/01  0:00,50.0,7.0
2016/04/03  0:00,52.0,8.0
2016/04/04  0:00,47.0,3.0
2016/04/05  0:00,1.0,1.0
2016/04/06  0:00,46.0,6.0
2016/04/07  0:00,67.0,5.0
2016/04/08  0:00,30.0,2.0
2016/04/09  0:00,11.0,5.0
2016/04/10  0:00,26.0,2.0
2016/04/11  0:00,34.0,9.0
2016/04/12  0:00,37.0,4.0
2016/04/13  0:00,33.0,4.0
2016/04/14  0:00,306.0,31.0
2016/04/15  0:00,289.0,45.0
2016/04/16  0:00,63.0,9.0
2016/04/17  0:00,138.0,17.0
2016/04/18  0:00,81.0,7.0
2016/04/19  0:00,63.0,8.0
2016/04/20  0:00,84.0,7.0
2016/04/21  0:00,27.0,7.0
2016/04/22  0:00,55.0,7.0
2016/04/23  0:00,53.0,2.0
2016/04/24  0:00,35.0,6.0
2016/04/25  0:00,27.0,5.0
2016/04/26  0:00,11.0,3.0
2016/04/27  0:00,40.0,2.0
2016/04/28  0:00,31.0,7.0
2016/04/29  0:00,43.0,7.0
2016/04/30  0:00,7.0,2.0
2016/05/01  0:00,30.0,5.0
2016/05/02  0:00,32.0,2.0
2016/05/03  0:00,29.0,3.0
2016/05/04  0:00,32.0,5.0
2016/05/05  0:00,40.0,6.0
2016/05/06  0:00,12.0,2.0
2016/05/08  0:00,72.0,6.0
2016/05/10  0:00,91.0,9.0
2016/05/12  0:00,89.0,9.0
2016/05/13  0:00,51.0,7.0
2016/05/14  0:00,29.0,4.0
2016/05/15  0:00,16.0,2.0
2016/05/16  0:00,33.0,4.0
2016/05/17  0:00,81.0,14.0
2016/05/18  0:00,42.0,-2.0
2016/05/19  0:00,34.0,11.0
2016/05/20  0:00,30.0,2.0
2016/05/22  0:00,47.0,6.0
2016/05/23  0:00,54.0,13.0
2016/05/24  0:00,3.0,2.0
2016/05/25  0:00,63.0,17.0
2016/05/26  0:00,23.0,5.0
2016/05/27  0:00,20.0,3.0
2016/05/28  0:00,8.0,1.0
2016/05/29  0:00,13.0,6.0
2016/05/30  0:00,6.0,3.0
2016/05/31  0:00,20.0,1.0
2016/06/02  0:00,65.0,25.0
2016/06/03  0:00,28.0,6.0
2016/06/05  0:00,34.0,7.0
2016/06/06  0:00,22.0,3.0
2016/06/07  0:00,84.0,5.0
2016/06/08  0:00,22.0,3.0
2016/06/09  0:00,46.0,12.0
2016/06/10  0:00,20.0,0.0
2016/06/11  0:00,18.0,4.0
2016/06/12  0:00,15.0,5.0
2016/06/13  0:00,30.0,6.0
2016/06/14  0:00,48.0,6.0
2016/06/15  0:00,34.0,6.0
2016/06/16  0:00,14.0,6.0
2016/06/17  0:00,15.0,5.0
2016/06/18  0:00,23.0,4.0
2016/06/19  0:00,2.0,3.0
2016/06/20  0:00,23.0,3.0
2016/06/21  0:00,70.0,10.0
2016/06/22  0:00,25.0,5.0
2016/06/23  0:00,19.0,6.0
2016/06/24  0:00,16.0,3.0
2016/06/25  0:00,19.0,2.0
2016/06/26  0:00,8.0,2.0
2016/06/27  0:00,28.0,4.0
2016/06/28  0:00,30.0,6.0
2016/06/29  0:00,40.0,6.0
2016/06/30  0:00,14.0,5.0
2016/07/01  0:00,36.0,5.0
2016/07/02  0:00,4.0,0.0
2016/07/03  0:00,23.0,3.0
2016/07/04  0:00,30.0,7.0
2016/07/05  0:00,17.0,5.0
2016/07/06  0:00,20.0,6.0
2016/07/07  0:00,25.0,2.0
2016/07/08  0:00,55.0,9.0
2016/07/09  0:00,23.0,7.0
2016/07/10  0:00,19.0,2.0
2016/07/11  0:00,54.0,6.0
2016/07/12  0:00,39.0,8.0
2016/07/13  0:00,68.0,10.0
2016/07/14  0:00,31.0,10.0
2016/07/15  0:00,22.0,6.0
2016/07/16  0:00,12.0,2.0
2016/07/17  0:00,25.0,2.0
2016/07/18  0:00,19.0,8.0
2016/07/19  0:00,21.0,7.0
2016/07/20  0:00,29.0,11.0
2016/07/21  0:00,30.0,6.0
2016/07/22  0:00,21.0,3.0
2016/07/24  0:00,28.0,9.0
2016/07/25  0:00,12.0,7.0
2016/07/26  0:00,14.0,5.0
2016/07/27  0:00,24.0,3.0
2016/07/28  0:00,42.0,7.0
2016/07/29  0:00,9.0,4.0
2016/08/01  0:00,33.0,4.0
2016/08/02  0:00,45.0,6.0
2016/08/03  0:00,24.0,-2.0
2016/08/04  0:00,42.0,4.0
2016/08/05  0:00,46.0,2.0
2016/08/06  0:00,10.0,3.0
2016/08/07  0:00,31.0,9.0
2016/08/08  0:00,27.0,7.0
2016/08/09  0:00,25.0,1.0
2016/08/10  0:00,19.0,1.0
2016/08/11  0:00,30.0,7.0
2016/08/12  0:00,11.0,1.0
2016/08/13  0:00,15.0,3.0
2016/08/14  0:00,6.0,5.0
2016/08/15  0:00,25.0,0.0
2016/08/16  0:00,16.0,2.0
2016/08/17  0:00,36.0,4.0
2016/08/18  0:00,23.0,4.0
2016/08/19  0:00,22.0,7.0
2016/08/21  0:00,41.0,5.0
2016/08/22  0:00,21.0,4.0
2016/08/23  0:00,20.0,1.0
2016/08/24  0:00,43.0,18.0
2016/08/25  0:00,35.0,2.0
2016/08/26  0:00,17.0,2.0
2016/08/27  0:00,5.0,2.0
2016/08/28  0:00,33.0,5.0
2016/08/29  0:00,31.0,4.0
2016/08/30  0:00,29.0,4.0
2016/08/31  0:00,37.0,6.0
2016/09/01  0:00,24.0,4.0
2016/09/02  0:00,11.0,1.0
2016/09/03  0:00,21.0,3.0
2016/09/05  0:00,63.0,6.0
2016/09/06  0:00,20.0,5.0
2016/09/07  0:00,20.0,3.0
2016/09/08  0:00,40.0,6.0
2016/09/09  0:00,39.0,12.0
2016/09/10  0:00,16.0,3.0
2016/09/11  0:00,19.0,6.0
2016/09/12  0:00,33.0,8.0
2016/09/13  0:00,40.0,2.0
2016/09/14  0:00,34.0,7.0
2016/09/15  0:00,63.0,2.0
2016/09/16  0:00,38.0,7.0
2016/09/17  0:00,10.0,2.0
2016/09/18  0:00,59.0,6.0
2016/09/19  0:00,41.0,2.0
2016/09/20  0:00,15.0,5.0
2016/09/21  0:00,37.0,7.0
2016/09/22  0:00,35.0,5.0
2016/09/23  0:00,35.0,2.0
2016/09/25  0:00,43.0,6.0
2016/09/26  0:00,50.0,7.0
2016/09/27  0:00,20.0,0.0
2016/09/28  0:00,38.0,6.0
2016/09/29  0:00,35.0,5.0
2016/09/30  0:00,43.0,3.0
2016/10/02  0:00,42.0,4.0
2016/10/03  0:00,9.0,0.0
2016/10/04  0:00,17.0,2.0
2016/10/05  0:00,38.0,5.0
2016/10/06  0:00,24.0,1.0
2016/10/07  0:00,38.0,10.0
2016/10/08  0:00,18.0,2.0
2016/10/09  0:00,18.0,4.0
2016/10/10  0:00,12.0,3.0
2016/10/11  0:00,72.0,6.0
2016/10/12  0:00,25.0,2.0
2016/10/13  0:00,56.0,9.0
2016/10/14  0:00,54.0,5.0
2016/10/15  0:00,23.0,2.0
2016/10/16  0:00,39.0,7.0
2016/10/17  0:00,35.0,10.0
2016/10/18  0:00,22.0,9.0
2016/10/19  0:00,56.0,11.0
2016/10/20  0:00,26.0,7.0
2016/10/21  0:00,24.0,6.0
2016/10/22  0:00,18.0,2.0
2016/10/23  0:00,29.0,4.0
2016/10/24  0:00,55.0,4.0
2016/10/25  0:00,45.0,6.0
2016/10/26  0:00,43.0,10.0
2016/10/27  0:00,34.0,0.0
2016/10/28  0:00,29.0,4.0
2016/10/30  0:00,49.0,5.0
2016/10/31  0:00,28.0,5.0
2016/11/01  0:00,24.0,6.0
2016/11/02  0:00,51.0,3.0
2016/11/03  0:00,53.0,-1.0
2016/11/04  0:00,65.0,10.0
2016/11/05  0:00,23.0,6.0
2016/11/06  0:00,42.0,7.0
2016/11/07  0:00,25.0,3.0
2016/11/08  0:00,43.0,6.0
2016/11/09  0:00,20.0,3.0
2016/11/10  0:00,33.0,6.0
2016/11/11  0:00,27.0,4.0
2016/11/12  0:00,19.0,2.0
2016/11/13  0:00,35.0,2.0
2016/11/14  0:00,34.0,6.0
2016/11/15  0:00,37.0,4.0
2016/11/16  0:00,61.0,17.0
2016/11/17  0:00,58.0,16.0
2016/11/18  0:00,31.0,0.0
2016/11/20  0:00,60.0,11.0
2016/11/21  0:00,27.0,2.0
2016/11/22  0:00,62.0,12.0
2016/11/23  0:00,51.0,8.0
2016/11/24  0:00,26.0,12.0
2016/11/25  0:00,30.0,6.0
2016/11/26  0:00,14.0,3.0
2016/11/27  0:00,30.0,6.0
2016/11/28  0:00,30.0,2.0
2016/11/29  0:00,34.0,6.0
2016/11/30  0:00,29.0,10.0
2016/12/01  0:00,36.0,3.0
2016/12/02  0:00,35.0,8.0
2016/12/03  0:00,14.0,3.0
2016/12/04  0:00,44.0,7.0
2016/12/05  0:00,28.0,3.0
2016/12/06  0:00,27.0,8.0
2016/12/07  0:00,27.0,5.0
2016/12/08  0:00,34.0,7.0
2016/12/09  0:00,25.0,1.0
2016/12/10  0:00,29.0,7.0
2016/12/11  0:00,7.0,4.0
2016/12/12  0:00,37.0,8.0
2016/12/13  0:00,14.0,4.0
2016/12/14  0:00,16.0,2.0
2016/12/15  0:00,127.0,6.0
2016/12/16  0:00,53.0,11.0
2016/12/17  0:00,5.0,0.0
2016/12/18  0:00,66.0,7.0
2016/12/19  0:00,43.0,9.0
2016/12/20  0:00,49.0,11.0
2016/12/21  0:00,24.0,9.0
2016/12/22  0:00,39.0,6.0
2016/12/23  0:00,20.0,2.0
2016/12/24  0:00,16.0,3.0
2016/12/26  0:00,36.0,8.0
2016/12/27  0:00,25.0,6.0
2016/12/28  0:00,23.0,6.0
2016/12/29  0:00,47.0,4.0
2016/12/30  0:00,40.0,4.0
2017/01/01  0:00,33.0,8.0
2017/01/02  0:00,7.0,1.0
2017/01/03  0:00,58.0,5.0
2017/01/04  0:00,26.0,7.0
2017/01/05  0:00,25.0,1.0
2017/01/06  0:00,38.0,5.0
2017/01/07  0:00,0.0,1.0
2017/01/08  0:00,25.0,5.0
2017/01/09  0:00,35.0,4.0
2017/01/10  0:00,41.0,7.0
2017/01/11  0:00,20.0,1.0
2017/01/12  0:00,49.0,6.0
2017/01/13  0:00,25.0,6.0
2017/01/14  0:00,21.0,1.0
2017/01/15  0:00,25.0,6.0
2017/01/16  0:00,26.0,6.0
2017/01/17  0:00,44.0,10.0
2017/01/18  0:00,45.0,8.0
2017/01/19  0:00,36.0,5.0
2017/01/20  0:00,32.0,8.0
2017/01/21  0:00,30.0,3.0
2017/01/22  0:00,31.0,2.0
2017/01/23  0:00,30.0,12.0
2017/01/24  0:00,32.0,1.0
2017/01/25  0:00,27.0,3.0
2017/01/26  0:00,28.0,3.0
2017/01/27  0:00,27.0,-4.0
2017/01/28  0:00,23.0,4.0
2017/01/29  0:00,23.0,1.0
2017/01/30  0:00,23.0,3.0
2017/01/31  0:00,40.0,2.0
2017/02/01  0:00,35.0,6.0
2017/02/02  0:00,97.0,10.0
2017/02/03  0:00,78.0,1.0
2017/02/04  0:00,18.0,2.0
2017/02/05  0:00,35.0,3.0
2017/02/06  0:00,70.0,10.0
2017/02/07  0:00,57.0,9.0
2017/02/08  0:00,53.0,0.0
2017/02/09  0:00,99.0,10.0
2017/02/10  0:00,101.0,11.0
2017/02/11  0:00,15.0,3.0
2017/02/13  0:00,93.0,6.0
2017/02/14  0:00,26.0,9.0
2017/02/15  0:00,67.0,6.0
2017/02/16  0:00,37.0,10.0
2017/02/17  0:00,31.0,8.0
2017/02/18  0:00,31.0,3.0
2017/02/19  0:00,64.0,10.0
2017/02/20  0:00,37.0,4.0
2017/02/21  0:00,40.0,4.0
2017/02/22  0:00,39.0,5.0
2017/02/23  0:00,72.0,10.0
2017/02/24  0:00,32.0,0.0
2017/02/25  0:00,22.0,-1.0
2017/02/26  0:00,33.0,7.0
2017/02/27  0:00,54.0,7.0
2017/02/28  0:00,59.0,7.0
2017/03/01  0:00,97.0,10.0
2017/03/02  0:00,91.0,7.0
2017/03/03  0:00,62.0,13.0
2017/03/04  0:00,26.0,3.0
2017/03/05  0:00,51.0,7.0
2017/03/06  0:00,61.0,-1.0
2017/03/07  0:00,68.0,3.0
2017/03/08  0:00,64.0,10.0
2017/03/09  0:00,168.0,17.0
2017/03/10  0:00,99.0,8.0
2017/03/11  0:00,38.0,2.0
2017/03/12  0:00,46.0,5.0
2017/03/13  0:00,39.0,7.0
2017/03/14  0:00,36.0,0.0
2017/03/15  0:00,87.0,15.0
2017/03/16  0:00,42.0,8.0
2017/03/17  0:00,30.0,8.0
2017/03/18  0:00,60.0,1.0
2017/03/19  0:00,34.0,4.0
2017/03/20  0:00,46.0,5.0
2017/03/21  0:00,50.0,3.0
2017/03/22  0:00,49.0,12.0
2017/03/23  0:00,92.0,8.0
2017/03/24  0:00,82.0,5.0
2017/03/25  0:00,22.0,4.0
2017/03/26  0:00,35.0,4.0
2017/03/27  0:00,40.0,3.0
2017/03/28  0:00,36.0,3.0
2017/03/29  0:00,81.0,13.0
2017/03/30  0:00,40.0,11.0
2017/03/31  0:00,63.0,8.0
2017/04/01  0:00,28.0,5.0
2017/04/02  0:00,45.0,7.0
2017/04/03  0:00,40.0,7.0
2017/04/04  0:00,32.0,4.0
2017/04/05  0:00,54.0,1.0
2017/04/06  0:00,60.0,8.0
2017/04/07  0:00,115.0,10.0
2017/04/09  0:00,103.0,13.0
2017/04/10  0:00,64.0,12.0
2017/04/11  0:00,59.0,8.0
2017/04/12  0:00,65.0,4.0
2017/04/13  0:00,87.0,12.0
2017/04/14  0:00,90.0,7.0
2017/04/15  0:00,48.0,7.0
2017/04/16  0:00,51.0,5.0
2017/04/17  0:00,62.0,16.0
2017/04/18  0:00,89.0,12.0
2017/04/19  0:00,40.0,11.0
2017/04/20  0:00,50.0,9.0
2017/04/21  0:00,44.0,7.0
2017/04/23  0:00,117.0,17.0
2017/04/24  0:00,42.0,5.0
2017/04/25  0:00,57.0,8.0
2017/04/26  0:00,55.0,7.0
2017/04/27  0:00,65.0,13.0
2017/04/28  0:00,42.0,5.0
2017/04/30  0:00,52.0,15.0
2017/05/01  0:00,38.0,3.0
2017/05/02  0:00,67.0,1.0
2017/05/03  0:00,45.0,6.0
2017/05/04  0:00,96.0,13.0
2017/05/05  0:00,77.0,7.0
2017/05/06  0:00,65.0,5.0
2017/05/07  0:00,54.0,4.0
2017/05/08  0:00,73.0,8.0
2017/05/09  0:00,57.0,0.0
2017/05/10  0:00,41.0,11.0
2017/05/11  0:00,47.0,6.0
2017/05/12  0:00,34.0,3.0
2017/05/14  0:00,68.0,12.0
2017/05/15  0:00,58.0,6.0
2017/05/16  0:00,76.0,8.0
2017/05/17  0:00,48.0,9.0
2017/05/18  0:00,58.0,9.0
2017/05/19  0:00,40.0,5.0
2017/05/20  0:00,20.0,1.0
2017/05/21  0:00,50.0,4.0
2017/05/22  0:00,45.0,10.0
2017/05/23  0:00,62.0,7.0
2017/05/24  0:00,58.0,4.0
2017/05/25  0:00,60.0,11.0
2017/05/26  0:00,39.0,0.0
2017/05/27  0:00,11.0,1.0
2017/05/28  0:00,53.0,6.0
2017/05/29  0:00,38.0,7.0
2017/05/30  0:00,29.0,7.0
2017/05/31  0:00,31.0,3.0
2017/06/01  0:00,48.0,3.0
2017/06/02  0:00,36.0,4.0
2017/06/03  0:00,27.0,9.0
2017/06/04  0:00,20.0,-1.0
2017/06/05  0:00,46.0,2.0
2017/06/06  0:00,32.0,8.0
2017/06/07  0:00,29.0,9.0
2017/06/08  0:00,57.0,10.0
2017/06/09  0:00,66.0,9.0
2017/06/11  0:00,82.0,9.0
2017/06/12  0:00,86.0,18.0
2017/06/13  0:00,63.0,11.0
2017/06/14  0:00,76.0,5.0
2017/06/15  0:00,99.0,7.0
2017/06/16  0:00,47.0,8.0
2017/06/17  0:00,43.0,9.0
2017/06/18  0:00,39.0,6.0
2017/06/19  0:00,41.0,11.0
2017/06/20  0:00,32.0,7.0
2017/06/21  0:00,41.0,7.0
2017/06/22  0:00,42.0,10.0
2017/06/23  0:00,25.0,6.0
2017/06/24  0:00,29.0,2.0
2017/06/25  0:00,31.0,3.0
2017/06/26  0:00,26.0,4.0
2017/06/27  0:00,55.0,11.0
2017/06/28  0:00,42.0,4.0
2017/06/29  0:00,40.0,5.0
2017/06/30  0:00,25.0,5.0
2017/07/01  0:00,15.0,1.0
2017/07/02  0:00,35.0,13.0
2017/07/03  0:00,32.0,7.0
2017/07/04  0:00,50.0,10.0
2017/07/05  0:00,45.0,6.0
2017/07/06  0:00,47.0,8.0
2017/07/07  0:00,47.0,3.0
2017/07/08  0:00,54.0,9.0
2017/07/09  0:00,30.0,7.0
2017/07/10  0:00,33.0,6.0
2017/07/11  0:00,83.0,6.0
2017/07/12  0:00,73.0,6.0
2017/07/13  0:00,68.0,9.0
2017/07/14  0:00,52.0,6.0
2017/07/15  0:00,8.0,2.0
2017/07/16  0:00,69.0,16.0
2017/07/17  0:00,31.0,3.0
2017/07/18  0:00,61.0,6.0
2017/07/19  0:00,35.0,4.0
2017/07/20  0:00,69.0,5.0
2017/07/21  0:00,43.0,2.0
2017/07/22  0:00,42.0,4.0
2017/07/23  0:00,22.0,5.0
2017/07/24  0:00,49.0,3.0
2017/07/25  0:00,44.0,2.0
2017/07/26  0:00,62.0,5.0
2017/07/27  0:00,71.0,16.0
2017/07/28  0:00,39.0,8.0
2017/07/30  0:00,47.0,8.0
2017/07/31  0:00,75.0,14.0
2017/08/01  0:00,42.0,9.0
2017/08/02  0:00,61.0,5.0
2017/08/03  0:00,52.0,3.0
2017/08/04  0:00,40.0,7.0
2017/08/05  0:00,42.0,4.0
2017/08/06  0:00,35.0,1.0
2017/08/07  0:00,50.0,10.0
2017/08/08  0:00,44.0,4.0
2017/08/09  0:00,38.0,6.0
2017/08/10  0:00,59.0,4.0
2017/08/11  0:00,80.0,13.0
2017/08/12  0:00,29.0,4.0
2017/08/13  0:00,37.0,5.0
2017/08/14  0:00,54.0,3.0
2017/08/15  0:00,57.0,10.0
2017/08/16  0:00,81.0,2.0
2017/08/17  0:00,82.0,12.0
2017/08/18  0:00,51.0,3.0
2017/08/19  0:00,28.0,10.0
2017/08/20  0:00,51.0,9.0
2017/08/21  0:00,42.0,6.0
2017/08/22  0:00,73.0,9.0
2017/08/23  0:00,53.0,9.0
2017/08/24  0:00,47.0,6.0
2017/08/25  0:00,67.0,17.0
2017/08/26  0:00,38.0,-2.0
2017/08/27  0:00,42.0,6.0
2017/08/28  0:00,51.0,6.0
2017/08/29  0:00,28.0,-2.0
2017/08/30  0:00,80.0,2.0
2017/08/31  0:00,61.0,8.0
2017/09/01  0:00,32.0,1.0
2017/09/03  0:00,59.0,6.0
2017/09/04  0:00,42.0,4.0
2017/09/05  0:00,43.0,1.0
2017/09/06  0:00,37.0,11.0
2017/09/07  0:00,82.0,13.0
2017/09/08  0:00,57.0,5.0
2017/09/09  0:00,21.0,3.0
2017/09/10  0:00,41.0,8.0
2017/09/11  0:00,56.0,6.0
2017/09/12  0:00,65.0,15.0
2017/09/13  0:00,80.0,12.0
2017/09/14  0:00,73.0,13.0
2017/09/15  0:00,79.0,5.0
2017/09/16  0:00,104.0,8.0
2017/09/17  0:00,78.0,8.0
2017/09/18  0:00,43.0,9.0
2017/09/19  0:00,84.0,17.0
2017/09/20  0:00,33.0,7.0
2017/09/21  0:00,62.0,12.0
2017/09/22  0:00,46.0,2.0
2017/09/23  0:00,29.0,11.0
2017/09/24  0:00,49.0,12.0
2017/09/25  0:00,53.0,1.0
2017/09/26  0:00,35.0,6.0
2017/09/27  0:00,76.0,14.0
2017/09/28  0:00,66.0,17.0
2017/09/29  0:00,31.0,5.0
2017/09/30  0:00,38.0,16.0
2017/10/01  0:00,28.0,1.0
2017/10/02  0:00,22.0,-2.0
2017/10/03  0:00,64.0,9.0
2017/10/04  0:00,22.0,2.0
2017/10/05  0:00,84.0,15.0
2017/10/06  0:00,64.0,8.0
2017/10/08  0:00,93.0,15.0
2017/10/09  0:00,81.0,14.0
2017/10/10  0:00,41.0,7.0
2017/10/11  0:00,203.0,24.0
2017/10/12  0:00,152.0,9.0
2017/10/13  0:00,147.0,22.0
2017/10/14  0:00,51.0,9.0
2017/10/15  0:00,101.0,3.0
2017/10/16  0:00,88.0,4.0
2017/10/17  0:00,108.0,7.0
2017/10/18  0:00,171.0,7.0
2017/10/19  0:00,132.0,13.0
2017/10/20  0:00,79.0,5.0
2017/10/21  0:00,33.0,12.0
2017/10/22  0:00,76.0,12.0
2017/10/23  0:00,75.0,6.0
2017/10/24  0:00,71.0,19.0
2017/10/25  0:00,98.0,10.0
2017/10/26  0:00,74.0,13.0
2017/10/27  0:00,76.0,12.0
2017/10/28  0:00,36.0,3.0
2017/10/29  0:00,88.0,15.0
2017/10/30  0:00,44.0,3.0
2017/10/31  0:00,61.0,8.0
2017/11/01  0:00,244.0,22.0
2017/11/02  0:00,109.0,10.0
2017/11/03  0:00,97.0,23.0
2017/11/04  0:00,32.0,6.0
2017/11/05  0:00,54.0,8.0
2017/11/06  0:00,66.0,5.0
2017/11/07  0:00,84.0,8.0
2017/11/08  0:00,110.0,13.0
2017/11/09  0:00,179.0,19.0
2017/11/10  0:00,129.0,10.0
2017/11/11  0:00,47.0,15.0
2017/11/12  0:00,89.0,11.0
2017/11/13  0:00,89.0,6.0
2017/11/14  0:00,79.0,9.0
2017/11/15  0:00,96.0,10.0
2017/11/16  0:00,99.0,5.0
2017/11/17  0:00,102.0,18.0
2017/11/18  0:00,65.0,11.0
2017/11/19  0:00,61.0,14.0
2017/11/20  0:00,115.0,8.0
2017/11/21  0:00,80.0,13.0
2017/11/22  0:00,111.0,13.0
2017/11/23  0:00,74.0,7.0
2017/11/24  0:00,119.0,10.0
2017/11/25  0:00,30.0,3.0
2017/11/26  0:00,53.0,6.0
2017/11/27  0:00,50.0,3.0
2017/11/28  0:00,61.0,13.0
2017/11/29  0:00,45.0,12.0
2017/11/30  0:00,77.0,12.0
2017/12/01  0:00,74.0,9.0
2017/12/02  0:00,58.0,10.0
2017/12/03  0:00,39.0,8.0
2017/12/04  0:00,35.0,5.0
2017/12/05  0:00,83.0,11.0
2017/12/06  0:00,73.0,17.0
2017/12/07  0:00,34.0,7.0
2017/12/08  0:00,77.0,18.0
2017/12/09  0:00,45.0,5.0
2017/12/10  0:00,17.0,4.0
2017/12/11  0:00,71.0,16.0
2017/12/12  0:00,78.0,13.0
2017/12/13  0:00,89.0,16.0
2017/12/14  0:00,93.0,4.0
2017/12/15  0:00,61.0,4.0
2017/12/17  0:00,112.0,14.0
2017/12/18  0:00,67.0,9.0
2017/12/19  0:00,68.0,6.0
2017/12/20  0:00,72.0,3.0
2017/12/21  0:00,98.0,12.0
2017/12/22  0:00,59.0,6.0
2017/12/23  0:00,43.0,5.0
2017/12/24  0:00,13.0,3.0
2017/12/25  0:00,27.0,4.0
2017/12/26  0:00,58.0,10.0
2017/12/27  0:00,94.0,9.0
2017/12/28  0:00,42.0,2.0
2017/12/29  0:00,67.0,4.0
2017/12/30  0:00,16.0,3.0
2017/12/31  0:00,11.0,4.0
2018/01/01  0:00,26.0,2.0
2018/01/02  0:00,52.0,9.0
2018/01/03  0:00,65.0,9.0
2018/01/04  0:00,48.0,2.0
2018/01/05  0:00,40.0,6.0
2018/01/06  0:00,30.0,5.0
2018/01/07  0:00,14.0,0.0
2018/01/08  0:00,61.0,15.0
2018/01/09  0:00,89.0,16.0
2018/01/10  0:00,89.0,6.0
2018/01/11  0:00,105.0,10.0
2018/01/12  0:00,47.0,9.0
2018/01/13  0:00,68.0,9.0
2018/01/14  0:00,33.0,-1.0
2018/01/15  0:00,92.0,5.0
2018/01/16  0:00,93.0,8.0
2018/01/17  0:00,88.0,13.0
2018/01/18  0:00,81.0,7.0
2018/01/19  0:00,68.0,17.0
2018/01/20  0:00,43.0,10.0
2018/01/21  0:00,32.0,5.0
2018/01/22  0:00,75.0,16.0
2018/01/23  0:00,61.0,6.0
2018/01/24  0:00,70.0,9.0
2018/01/25  0:00,74.0,10.0
2018/01/26  0:00,50.0,2.0
2018/01/27  0:00,53.0,11.0
2018/01/28  0:00,115.0,14.0
2018/01/29  0:00,84.0,10.0
2018/01/30  0:00,56.0,4.0
2018/01/31  0:00,70.0,12.0
2018/02/01  0:00,83.0,12.0
2018/02/02  0:00,62.0,15.0
2018/02/03  0:00,22.0,7.0
2018/02/04  0:00,50.0,6.0
2018/02/05  0:00,87.0,13.0
2018/02/06  0:00,36.0,8.0
2018/02/07  0:00,125.0,18.0
2018/02/08  0:00,81.0,31.0
2018/02/09  0:00,94.0,11.0
2018/02/10  0:00,42.0,5.0
2018/02/11  0:00,63.0,20.0
2018/02/12  0:00,69.0,11.0
2018/02/13  0:00,63.0,4.0
2018/02/14  0:00,61.0,15.0
2018/02/15  0:00,81.0,15.0
2018/02/16  0:00,59.0,13.0
2018/02/17  0:00,58.0,4.0
2018/02/18  0:00,35.0,7.0
2018/02/19  0:00,68.0,6.0
2018/02/20  0:00,51.0,2.0
2018/02/21  0:00,61.0,9.0
2018/02/22  0:00,49.0,11.0
2018/02/23  0:00,67.0,10.0
2018/02/24  0:00,49.0,2.0
2018/02/25  0:00,65.0,11.0
2018/02/26  0:00,59.0,9.0
2018/02/27  0:00,86.0,11.0
2018/02/28  0:00,84.0,6.0
2018/03/01  0:00,64.0,8.0
2018/03/02  0:00,60.0,5.0
2018/03/03  0:00,37.0,8.0
2018/03/04  0:00,32.0,4.0
2018/03/05  0:00,67.0,4.0
2018/03/06  0:00,60.0,12.0
2018/03/07  0:00,70.0,5.0
2018/03/08  0:00,107.0,13.0
2018/03/09  0:00,86.0,3.0
2018/03/10  0:00,49.0,5.0
2018/03/11  0:00,40.0,3.0
2018/03/12  0:00,53.0,8.0
2018/03/13  0:00,88.0,19.0
2018/03/14  0:00,59.0,9.0
2018/03/15  0:00,124.0,12.0
2018/03/16  0:00,47.0,5.0
2018/03/17  0:00,52.0,6.0
2018/03/18  0:00,51.0,6.0
2018/03/19  0:00,70.0,0.0
2018/03/20  0:00,76.0,6.0
2018/03/21  0:00,85.0,4.0
2018/03/22  0:00,88.0,9.0
2018/03/23  0:00,39.0,-2.0
2018/03/24  0:00,34.0,8.0
2018/03/25  0:00,57.0,10.0
2018/03/26  0:00,55.0,5.0
2018/03/27  0:00,96.0,11.0
2018/03/28  0:00,72.0,15.0
2018/03/29  0:00,40.0,14.0
2018/03/30  0:00,42.0,7.0
2018/03/31  0:00,71.0,9.0
2018/04/02  0:00,77.0,25.0
2018/04/03  0:00,57.0,9.0
2018/04/04  0:00,22.0,1.0
2018/04/05  0:00,79.0,14.0
2018/04/06  0:00,62.0,8.0
2018/04/07  0:00,59.0,4.0
2018/04/08  0:00,62.0,3.0
2018/04/09  0:00,118.0,14.0
2018/04/10  0:00,71.0,4.0
2018/04/11  0:00,117.0,7.0
2018/04/12  0:00,89.0,5.0
2018/04/13  0:00,52.0,7.0
2018/04/14  0:00,43.0,12.0
2018/04/15  0:00,50.0,10.0
2018/04/16  0:00,79.0,10.0
2018/04/17  0:00,87.0,7.0
2018/04/18  0:00,72.0,4.0
2018/04/19  0:00,61.0,4.0
2018/04/20  0:00,37.0,4.0
2018/04/21  0:00,62.0,8.0
2018/04/22  0:00,45.0,5.0
2018/04/23  0:00,47.0,2.0
2018/04/24  0:00,80.0,9.0
2018/04/25  0:00,79.0,12.0
2018/04/26  0:00,67.0,8.0
2018/04/27  0:00,36.0,4.0
2018/04/28  0:00,39.0,4.0
2018/04/29  0:00,36.0,4.0
2018/04/30  0:00,57.0,7.0
2018/05/01  0:00,40.0,9.0
2018/05/02  0:00,75.0,10.0
2018/05/03  0:00,58.0,0.0
2018/05/04  0:00,64.0,18.0
2018/05/05  0:00,33.0,8.0
2018/05/06  0:00,25.0,9.0
2018/05/07  0:00,60.0,10.0
2018/05/08  0:00,98.0,4.0
2018/05/09  0:00,88.0,10.0
2018/05/10  0:00,76.0,13.0
2018/05/11  0:00,88.0,10.0
2018/05/12  0:00,27.0,7.0
2018/05/13  0:00,71.0,5.0
2018/05/14  0:00,49.0,5.0
2018/05/15  0:00,76.0,13.0
2018/05/16  0:00,74.0,10.0
2018/05/17  0:00,64.0,6.0
2018/05/18  0:00,232.0,10.0
2018/05/19  0:00,180.0,4.0
2018/05/20  0:00,123.0,9.0
2018/05/21  0:00,111.0,8.0
2018/05/22  0:00,73.0,-3.0
2018/05/23  0:00,56.0,13.0
2018/05/24  0:00,54.0,8.0
2018/05/25  0:00,74.0,5.0
2018/05/26  0:00,39.0,6.0
2018/05/27  0:00,34.0,8.0
2018/05/28  0:00,55.0,13.0
2018/05/29  0:00,59.0,7.0
2018/05/30  0:00,71.0,8.0
2018/05/31  0:00,20.0,2.0
2018/06/01  0:00,72.0,7.0
2018/06/02  0:00,41.0,6.0
2018/06/03  0:00,119.0,3.0
2018/06/04  0:00,337.0,30.0
2018/06/05  0:00,249.0,20.0
2018/06/06  0:00,229.0,20.0
2018/06/07  0:00,163.0,23.0
2018/06/08  0:00,113.0,14.0
2018/06/09  0:00,12.0,3.0
2018/06/10  0:00,144.0,4.0
2018/06/11  0:00,123.0,7.0
2018/06/12  0:00,117.0,13.0
2018/06/13  0:00,127.0,9.0
2018/06/14  0:00,114.0,16.0
2018/06/15  0:00,109.0,5.0
2018/06/16  0:00,90.0,11.0
2018/06/17  0:00,58.0,8.0
2018/06/18  0:00,77.0,8.0
2018/06/19  0:00,105.0,8.0
2018/06/20  0:00,73.0,13.0
2018/06/21  0:00,58.0,6.0
2018/06/22  0:00,59.0,2.0
2018/06/24  0:00,113.0,12.0
2018/06/25  0:00,61.0,9.0
2018/06/26  0:00,72.0,14.0
2018/06/27  0:00,72.0,10.0
2018/06/28  0:00,60.0,4.0
2018/06/29  0:00,63.0,9.0
2018/06/30  0:00,27.0,4.0
2018/07/01  0:00,64.0,11.0
2018/07/02  0:00,53.0,6.0
2018/07/03  0:00,61.0,11.0
2018/07/04  0:00,70.0,10.0
2018/07/05  0:00,69.0,10.0
2018/07/06  0:00,49.0,7.0
2018/07/09  0:00,162.0,17.0
2018/07/10  0:00,61.0,7.0
2018/07/11  0:00,102.0,8.0
2018/07/12  0:00,68.0,11.0
2018/07/13  0:00,82.0,9.0
2018/07/14  0:00,40.0,4.0
2018/07/15  0:00,42.0,7.0
2018/07/16  0:00,44.0,-1.0
2018/07/17  0:00,39.0,2.0
2018/07/18  0:00,83.0,6.0
2018/07/19  0:00,72.0,0.0
2018/07/20  0:00,72.0,15.0
2018/07/22  0:00,62.0,14.0
2018/07/23  0:00,42.0,19.0
2018/07/24  0:00,52.0,1.0
2018/07/25  0:00,51.0,11.0
2018/07/26  0:00,73.0,8.0
2018/07/27  0:00,90.0,8.0
2018/07/28  0:00,58.0,3.0
2018/07/29  0:00,32.0,-1.0
2018/07/30  0:00,142.0,16.0
2018/07/31  0:00,130.0,8.0
2018/08/01  0:00,127.0,11.0
2018/08/02  0:00,92.0,4.0
2018/08/03  0:00,80.0,3.0
2018/08/04  0:00,64.0,3.0
2018/08/05  0:00,68.0,2.0
2018/08/06  0:00,97.0,7.0
2018/08/07  0:00,89.0,6.0
2018/08/08  0:00,99.0,8.0
2018/08/09  0:00,92.0,5.0
2018/08/10  0:00,34.0,3.0
2018/08/11  0:00,28.0,2.0
2018/08/12  0:00,64.0,6.0
2018/08/13  0:00,76.0,2.0
2018/08/14  0:00,67.0,5.0
2018/08/15  0:00,63.0,19.0
2018/08/16  0:00,56.0,7.0
2018/08/17  0:00,74.0,7.0
2018/08/18  0:00,17.0,1.0
2018/08/19  0:00,95.0,8.0
2018/08/20  0:00,36.0,3.0
2018/08/21  0:00,72.0,14.0
2018/08/22  0:00,59.0,8.0
2018/08/23  0:00,78.0,14.0
2018/08/24  0:00,89.0,3.0
2018/08/25  0:00,53.0,2.0
2018/08/26  0:00,60.0,4.0
2018/08/27  0:00,44.0,4.0
2018/08/28  0:00,129.0,23.0
2018/08/29  0:00,93.0,12.0
2018/08/30  0:00,54.0,10.0
2018/08/31  0:00,58.0,3.0
2018/09/01  0:00,27.0,6.0
2018/09/02  0:00,47.0,8.0
2018/09/03  0:00,31.0,4.0
2018/09/04  0:00,79.0,10.0
2018/09/05  0:00,76.0,8.0
2018/09/06  0:00,105.0,13.0
2018/09/07  0:00,75.0,15.0
2018/09/08  0:00,32.0,7.0
2018/09/09  0:00,63.0,11.0
2018/09/10  0:00,94.0,8.0
2018/09/11  0:00,87.0,7.0
2018/09/12  0:00,83.0,11.0
2018/09/13  0:00,92.0,18.0
2018/09/14  0:00,67.0,1.0
2018/09/15  0:00,22.0,0.0
2018/09/16  0:00,68.0,11.0
2018/09/17  0:00,73.0,10.0
2018/09/18  0:00,99.0,3.0
2018/09/19  0:00,70.0,9.0
2018/09/20  0:00,38.0,4.0
2018/09/21  0:00,40.0,6.0
2018/09/22  0:00,55.0,12.0
2018/09/23  0:00,36.0,6.0
2018/09/24  0:00,56.0,9.0
2018/09/25  0:00,62.0,6.0
2018/09/26  0:00,70.0,-1.0
2018/09/27  0:00,221.0,18.0
2018/09/28  0:00,192.0,13.0
2018/09/29  0:00,114.0,15.0
2018/09/30  0:00,97.0,15.0
2018/10/01  0:00,83.0,26.0
2018/10/02  0:00,104.0,25.0
2018/10/03  0:00,100.0,29.0
2018/10/04  0:00,70.0,22.0
2018/10/05  0:00,51.0,17.0
2018/10/06  0:00,46.0,10.0
2018/10/07  0:00,55.0,13.0
2018/10/08  0:00,92.0,23.0
2018/10/09  0:00,102.0,29.0
2018/10/10  0:00,80.0,17.0
2018/10/11  0:00,128.0,12.0
2018/10/12  0:00,68.0,12.0
2018/10/13  0:00,98.0,25.0
2018/10/14  0:00,72.0,20.0
2018/10/15  0:00,82.0,13.0
2018/10/16  0:00,86.0,18.0
2018/10/17  0:00,114.0,28.0
2018/10/18  0:00,169.0,34.0
2018/10/19  0:00,98.0,29.0
2018/10/20  0:00,51.0,13.0
2018/10/21  0:00,74.0,24.0
2018/10/22  0:00,72.0,15.0
2018/10/23  0:00,78.0,11.0
2018/10/24  0:00,88.0,13.0
2018/10/25  0:00,84.0,22.0
2018/10/26  0:00,51.0,9.0
2018/10/27  0:00,49.0,21.0
2018/10/28  0:00,52.0,15.0
2018/10/29  0:00,55.0,18.0
2018/10/30  0:00,75.0,22.0
2018/10/31  0:00,65.0,20.0
2018/11/01  0:00,41.0,-1.0
2018/11/02  0:00,62.0,8.0
2018/11/03  0:00,45.0,8.0
2018/11/04  0:00,27.0,2.0
2018/11/05  0:00,57.0,4.0
2018/11/06  0:00,85.0,6.0
2018/11/07  0:00,32.0,7.0
2018/11/08  0:00,78.0,17.0
2018/11/09  0:00,54.0,11.0
2018/11/10  0:00,47.0,4.0
2018/11/11  0:00,60.0,1.0
2018/11/12  0:00,38.0,6.0
2018/11/13  0:00,71.0,10.0
2018/11/14  0:00,71.0,16.0
2018/11/15  0:00,35.0,3.0
2018/11/16  0:00,81.0,6.0
2018/11/17  0:00,42.0,6.0
2018/11/18  0:00,91.0,13.0
2018/11/19  0:00,153.0,22.0
2018/11/20  0:00,31.0,0.0
2018/11/21  0:00,64.0,6.0
2018/11/22  0:00,45.0,7.0
2018/11/23  0:00,63.0,0.0
2018/11/24  0:00,33.0,8.0
2018/11/25  0:00,50.0,8.0
2018/11/26  0:00,47.0,8.0
2018/11/27  0:00,67.0,6.0
2018/11/28  0:00,56.0,16.0
2018/11/29  0:00,57.0,14.0
2018/11/30  0:00,61.0,6.0
2018/12/01  0:00,15.0,2.0
2018/12/02  0:00,65.0,10.0
2018/12/03  0:00,34.0,12.0
2018/12/04  0:00,54.0,7.0
2018/12/05  0:00,82.0,5.0
2018/12/06  0:00,52.0,14.0
2018/12/07  0:00,51.0,8.0
2018/12/08  0:00,27.0,6.0
2018/12/09  0:00,26.0,7.0
2018/12/10  0:00,101.0,19.0
2018/12/11  0:00,47.0,4.0
2018/12/12  0:00,107.0,13.0
2018/12/13  0:00,62.0,11.0
2018/12/14  0:00,72.0,6.0
2018/12/15  0:00,47.0,6.0
2018/12/16  0:00,42.0,12.0
2018/12/17  0:00,96.0,18.0
2018/12/18  0:00,79.0,13.0
2018/12/19  0:00,63.0,17.0
2018/12/20  0:00,53.0,9.0
2018/12/21  0:00,53.0,10.0
2018/12/22  0:00,23.0,6.0
2018/12/23  0:00,51.0,2.0
2018/12/25  0:00,63.0,11.0
2018/12/26  0:00,66.0,15.0
2018/12/27  0:00,48.0,14.0
2018/12/28  0:00,41.0,10.0
2018/12/29  0:00,27.0,6.0
2018/12/30  0:00,34.0,4.0
2018/12/31  0:00,42.0,8.0
2019/01/01  0:00,51.0,9.0
2019/01/02  0:00,69.0,12.0
2019/01/03  0:00,71.0,6.0
2019/01/04  0:00,31.0,4.0
2019/01/05  0:00,32.0,4.0
2019/01/06  0:00,59.0,2.0
2019/01/07  0:00,40.0,3.0
2019/01/08  0:00,119.0,7.0
2019/01/09  0:00,75.0,12.0
2019/01/10  0:00,49.0,4.0
2019/01/11  0:00,63.0,7.0
2019/01/12  0:00,63.0,1.0
2019/01/13  0:00,50.0,0.0
2019/01/14  0:00,75.0,2.0
2019/01/15  0:00,61.0,9.0
2019/01/16  0:00,42.0,7.0
2019/01/17  0:00,69.0,7.0
2019/01/18  0:00,54.0,8.0
2019/01/19  0:00,45.0,0.0
2019/01/20  0:00,71.0,12.0
2019/01/21  0:00,48.0,2.0
2019/01/22  0:00,73.0,15.0
2019/01/23  0:00,56.0,7.0
2019/01/24  0:00,50.0,10.0
2019/01/25  0:00,63.0,6.0
2019/01/26  0:00,33.0,4.0
2019/01/27  0:00,61.0,7.0
2019/01/28  0:00,54.0,8.0
2019/01/29  0:00,60.0,15.0
2019/01/30  0:00,49.0,6.0
2019/01/31  0:00,11.0,4.0
2019/02/01  0:00,95.0,10.0
2019/02/02  0:00,60.0,12.0
2019/02/03  0:00,28.0,3.0
2019/02/04  0:00,51.0,7.0
2019/02/05  0:00,49.0,5.0
2019/02/06  0:00,58.0,4.0
2019/02/07  0:00,114.0,5.0
2019/02/08  0:00,95.0,9.0
2019/02/09  0:00,60.0,6.0
2019/02/10  0:00,80.0,3.0
2019/02/11  0:00,51.0,7.0
2019/02/12  0:00,97.0,9.0
2019/02/13  0:00,78.0,12.0
2019/02/14  0:00,50.0,5.0
2019/02/15  0:00,90.0,18.0
2019/02/16  0:00,34.0,3.0
2019/02/17  0:00,48.0,13.0
2019/02/18  0:00,35.0,3.0
2019/02/19  0:00,98.0,16.0
2019/02/20  0:00,74.0,12.0
2019/02/21  0:00,47.0,9.0
2019/02/22  0:00,57.0,9.0
2019/02/23  0:00,37.0,5.0
2019/02/24  0:00,30.0,4.0
2019/02/25  0:00,60.0,14.0
2019/02/26  0:00,39.0,-2.0
2019/02/27  0:00,90.0,8.0
2019/02/28  0:00,55.0,5.0
2019/03/01  0:00,73.0,9.0
2019/03/02  0:00,50.0,4.0
2019/03/03  0:00,62.0,7.0
2019/03/04  0:00,64.0,7.0
2019/03/05  0:00,42.0,8.0
2019/03/06  0:00,125.0,14.0
2019/03/07  0:00,168.0,19.0
2019/03/08  0:00,165.0,17.0
2019/03/09  0:00,85.0,6.0
2019/03/10  0:00,106.0,8.0
2019/03/11  0:00,68.0,15.0
2019/03/12  0:00,116.0,15.0
2019/03/13  0:00,62.0,11.0
2019/03/14  0:00,149.0,20.0
2019/03/15  0:00,104.0,15.0
2019/03/16  0:00,69.0,14.0
2019/03/17  0:00,71.0,13.0
2019/03/18  0:00,71.0,16.0
2019/03/19  0:00,68.0,24.0
2019/03/20  0:00,74.0,7.0
2019/03/21  0:00,85.0,24.0
2019/03/22  0:00,61.0,11.0
2019/03/23  0:00,44.0,11.0
2019/03/24  0:00,70.0,10.0
2019/03/25  0:00,84.0,9.0
2019/03/26  0:00,68.0,7.0
2019/03/27  0:00,67.0,4.0
2019/03/28  0:00,81.0,11.0
2019/03/29  0:00,78.0,15.0
2019/03/30  0:00,60.0,16.0
2019/03/31  0:00,61.0,12.0
2019/04/01  0:00,78.0,19.0
2019/04/02  0:00,82.0,21.0
2019/04/03  0:00,42.0,15.0
2019/04/04  0:00,99.0,19.0
2019/04/05  0:00,31.0,8.0
2019/04/06  0:00,61.0,9.0
2019/04/07  0:00,28.0,10.0
2019/04/08  0:00,108.0,31.0
2019/04/09  0:00,89.0,28.0
2019/04/10  0:00,97.0,20.0
2019/04/11  0:00,95.0,24.0
2019/04/12  0:00,67.0,11.0
2019/04/13  0:00,77.0,20.0
2019/04/14  0:00,64.0,11.0
2019/04/15  0:00,93.0,15.0
2019/04/16  0:00,66.0,18.0
2019/04/17  0:00,62.0,6.0
2019/04/18  0:00,73.0,16.0
2019/04/19  0:00,66.0,19.0
2019/04/20  0:00,35.0,4.0
2019/04/21  0:00,60.0,11.0
2019/04/22  0:00,94.0,20.0
2019/04/23  0:00,70.0,19.0
2019/04/24  0:00,43.0,21.0
2019/04/25  0:00,67.0,17.0
2019/04/26  0:00,62.0,16.0
2019/04/27  0:00,9.0,4.0
2019/04/28  0:00,91.0,15.0
2019/04/29  0:00,53.0,15.0
2019/04/30  0:00,36.0,7.0
2019/05/01  0:00,52.0,5.0
2019/05/02  0:00,43.0,9.0
2019/05/03  0:00,96.0,16.0
2019/05/05  0:00,129.0,15.0
2019/05/06  0:00,72.0,17.0
2019/05/07  0:00,295.0,27.0
2019/05/08  0:00,151.0,13.0
2019/05/09  0:00,186.0,21.0
2019/05/10  0:00,82.0,8.0
2019/05/11  0:00,71.0,12.0
2019/05/12  0:00,94.0,17.0
2019/05/13  0:00,62.0,13.0
2019/05/14  0:00,106.0,20.0
2019/05/15  0:00,77.0,24.0
2019/05/16  0:00,66.0,16.0
2019/05/17  0:00,126.0,26.0
2019/05/18  0:00,54.0,8.0
2019/05/19  0:00,42.0,14.0
2019/05/20  0:00,97.0,19.0
2019/05/21  0:00,48.0,17.0
2019/05/22  0:00,95.0,20.0
2019/05/23  0:00,79.0,23.0
2019/05/24  0:00,53.0,11.0
2019/05/25  0:00,48.0,8.0
2019/05/26  0:00,59.0,19.0
2019/05/27  0:00,64.0,14.0
2019/05/28  0:00,100.0,23.0
2019/05/29  0:00,67.0,23.0
2019/05/30  0:00,94.0,14.0
2019/05/31  0:00,55.0,7.0
2019/06/01  0:00,52.0,9.0
2019/06/02  0:00,24.0,2.0
2019/06/03  0:00,101.0,13.0
2019/06/04  0:00,49.0,1.0
2019/06/05  0:00,77.0,9.0
2019/06/06  0:00,105.0,32.0
2019/06/07  0:00,69.0,12.0
2019/06/08  0:00,16.0,7.0
2019/06/09  0:00,80.0,10.0
2019/06/10  0:00,86.0,17.0
2019/06/11  0:00,68.0,12.0
2019/06/12  0:00,91.0,17.0
2019/06/13  0:00,87.0,16.0
2019/06/14  0:00,43.0,10.0
2019/06/15  0:00,29.0,8.0
2019/06/16  0:00,39.0,8.0
2019/06/17  0:00,56.0,20.0
2019/06/18  0:00,72.0,16.0
2019/06/19  0:00,49.0,10.0
2019/06/20  0:00,49.0,13.0
2019/06/21  0:00,47.0,9.0
2019/06/23  0:00,97.0,16.0
2019/06/24  0:00,57.0,6.0
2019/06/25  0:00,68.0,10.0
2019/06/26  0:00,48.0,9.0
2019/06/27  0:00,73.0,19.0
2019/06/28  0:00,35.0,7.0
2019/06/29  0:00,37.0,10.0
2019/06/30  0:00,30.0,16.0
2019/07/01  0:00,41.0,7.0
2019/07/02  0:00,63.0,15.0
2019/07/03  0:00,62.0,6.0
2019/07/04  0:00,90.0,14.0
2019/07/05  0:00,50.0,15.0
2019/07/06  0:00,61.0,14.0
2019/07/07  0:00,34.0,0.0
2019/07/08  0:00,44.0,7.0
2019/07/09  0:00,69.0,21.0
2019/07/10  0:00,77.0,19.0
2019/07/11  0:00,53.0,15.0
2019/07/12  0:00,49.0,9.0
2019/07/13  0:00,33.0,10.0
2019/07/14  0:00,10.0,3.0
2019/07/15  0:00,69.0,20.0
2019/07/16  0:00,39.0,9.0
2019/07/17  0:00,46.0,5.0
2019/07/18  0:00,68.0,17.0
2019/07/19  0:00,45.0,9.0
2019/07/20  0:00,36.0,6.0
2019/07/21  0:00,56.0,8.0
2019/07/22  0:00,40.0,12.0
2019/07/23  0:00,60.0,11.0
2019/07/24  0:00,60.0,18.0
2019/07/25  0:00,57.0,14.0
2019/07/26  0:00,39.0,15.0
2019/07/27  0:00,32.0,5.0
2019/07/28  0:00,25.0,7.0
2019/07/29  0:00,56.0,10.0
2019/07/30  0:00,51.0,9.0
2019/07/31  0:00,33.0,5.0
2019/08/01  0:00,47.0,12.0
2019/08/02  0:00,55.0,9.0
2019/08/03  0:00,46.0,13.0
2019/08/04  0:00,37.0,5.0
2019/08/05  0:00,43.0,8.0
2019/08/06  0:00,40.0,8.0
2019/08/07  0:00,64.0,14.0
2019/08/08  0:00,82.0,13.0
2019/08/09  0:00,36.0,9.0
2019/08/10  0:00,47.0,8.0
2019/08/11  0:00,48.0,12.0
2019/08/12  0:00,64.0,19.0
2019/08/13  0:00,53.0,18.0
2019/08/14  0:00,61.0,22.0
2019/08/15  0:00,86.0,17.0
2019/08/16  0:00,73.0,12.0
2019/08/17  0:00,56.0,8.0
2019/08/18  0:00,33.0,9.0
2019/08/19  0:00,57.0,15.0
2019/08/20  0:00,60.0,20.0
2019/08/21  0:00,73.0,18.0
2019/08/22  0:00,29.0,14.0
2019/08/23  0:00,35.0,10.0
2019/08/24  0:00,28.0,4.0
2019/08/25  0:00,67.0,16.0
2019/08/26  0:00,32.0,14.0
2019/08/27  0:00,34.0,7.0
2019/08/28  0:00,124.0,27.0
2019/08/29  0:00,42.0,16.0
2019/08/30  0:00,19.0,16.0
2019/08/31  0:00,45.0,16.0
2019/09/01  0:00,35.0,12.0
2019/09/02  0:00,47.0,10.0
2019/09/03  0:00,67.0,15.0
2019/09/04  0:00,63.0,18.0
2019/09/05  0:00,73.0,12.0
2019/09/06  0:00,50.0,7.0
2019/09/07  0:00,37.0,7.0
2019/09/08  0:00,29.0,8.0
2019/09/09  0:00,113.0,19.0
2019/09/10  0:00,43.0,10.0
2019/09/11  0:00,106.0,22.0
2019/09/12  0:00,65.0,9.0
2019/09/13  0:00,34.0,23.0
2019/09/14  0:00,40.0,13.0
2019/09/15  0:00,33.0,3.0
2019/09/16  0:00,78.0,15.0
2019/09/17  0:00,73.0,8.0
2019/09/18  0:00,43.0,16.0
2019/09/19  0:00,85.0,22.0
2019/09/20  0:00,19.0,3.0
2019/09/22  0:00,108.0,27.0
2019/09/23  0:00,77.0,9.0
2019/09/24  0:00,42.0,12.0
2019/09/25  0:00,84.0,18.0
2019/09/26  0:00,53.0,14.0
2019/09/27  0:00,45.0,14.0
2019/09/29  0:00,101.0,25.0
2019/09/30  0:00,16.0,4.0
2019/10/01  0:00,53.0,20.0
2019/10/02  0:00,48.0,12.0
2019/10/03  0:00,48.0,9.0
2019/10/04  0:00,48.0,19.0
2019/10/05  0:00,27.0,2.0
2019/10/06  0:00,28.0,7.0
2019/10/07  0:00,28.0,10.0
2019/10/08  0:00,56.0,16.0
2019/10/09  0:00,47.0,16.0
2019/10/10  0:00,61.0,12.0
2019/10/11  0:00,51.0,20.0
2019/10/12  0:00,59.0,15.0
2019/10/13  0:00,44.0,15.0
2019/10/14  0:00,42.0,17.0
2019/10/15  0:00,81.0,21.0
2019/10/16  0:00,72.0,21.0
2019/10/17  0:00,70.0,22.0
2019/10/18  0:00,58.0,9.0
2019/10/19  0:00,31.0,12.0
2019/10/20  0:00,41.0,19.0
2019/10/21  0:00,47.0,12.0
2019/10/22  0:00,76.0,21.0
2019/10/23  0:00,44.0,14.0
2019/10/24  0:00,94.0,17.0
2019/10/25  0:00,27.0,7.0
2019/10/26  0:00,37.0,13.0
2019/10/27  0:00,32.0,14.0
2019/10/28  0:00,51.0,10.0
2019/10/29  0:00,54.0,13.0
2019/10/30  0:00,30.0,6.0
2019/10/31  0:00,47.0,17.0
2019/11/01  0:00,44.0,15.0
2019/11/03  0:00,58.0,16.0
2019/11/04  0:00,67.0,17.0
2019/11/05  0:00,48.0,16.0
2019/11/06  0:00,80.0,15.0
2019/11/07  0:00,96.0,46.0
2019/11/08  0:00,136.0,37.0
2019/11/09  0:00,156.0,23.0
2019/11/10  0:00,155.0,30.0
2019/11/11  0:00,172.0,28.0
2019/11/12  0:00,110.0,27.0
2019/11/13  0:00,103.0,22.0
2019/11/14  0:00,113.0,14.0
2019/11/15  0:00,56.0,25.0
2019/11/16  0:00,42.0,12.0
2019/11/17  0:00,30.0,11.0
2019/11/18  0:00,95.0,29.0
2019/11/19  0:00,77.0,20.0
2019/11/20  0:00,99.0,14.0
2019/11/21  0:00,83.0,26.0
2019/11/22  0:00,70.0,11.0
2019/11/23  0:00,40.0,7.0
2019/11/24  0:00,26.0,5.0
2019/11/25  0:00,75.0,6.0
2019/11/26  0:00,99.0,19.0
2019/11/27  0:00,60.0,10.0
2019/11/28  0:00,87.0,10.0
2019/11/29  0:00,49.0,9.0
2019/11/30  0:00,36.0,9.0
2019/12/01  0:00,42.0,6.0
2019/12/02  0:00,89.0,29.0
2019/12/03  0:00,73.0,13.0
2019/12/04  0:00,51.0,14.0
2019/12/05  0:00,70.0,13.0
2019/12/06  0:00,67.0,20.0
2019/12/07  0:00,48.0,13.0
2019/12/08  0:00,40.0,12.0
2019/12/09  0:00,60.0,18.0
2019/12/10  0:00,72.0,7.0
2019/12/11  0:00,43.0,7.0
2019/12/12  0:00,66.0,13.0
2019/12/13  0:00,57.0,13.0
2019/12/14  0:00,46.0,11.0
2019/12/15  0:00,61.0,17.0
2019/12/16  0:00,60.0,8.0
2019/12/17  0:00,51.0,15.0
2019/12/18  0:00,59.0,22.0
2019/12/19  0:00,82.0,20.0
2019/12/20  0:00,126.0,31.0
2019/12/21  0:00,41.0,7.0
2019/12/22  0:00,37.0,6.0
2019/12/23  0:00,118.0,15.0
2019/12/24  0:00,70.0,14.0
2019/12/25  0:00,52.0,18.0
2019/12/26  0:00,44.0,11.0
2019/12/27  0:00,20.0,12.0
2019/12/28  0:00,40.0,0.0
2019/12/29  0:00,29.0,7.0
2019/12/30  0:00,64.0,19.0
2019/12/31  0:00,34.0,5.0
2020/01/01  0:00,21.0,1.0
2020/01/02  0:00,54.0,5.0
2020/01/03  0:00,61.0,8.0
2020/01/04  0:00,40.0,3.0
2020/01/05  0:00,31.0,8.0
2020/01/06  0:00,36.0,8.0
2020/01/07  0:00,32.0,5.0
2020/01/08  0:00,80.0,26.0
2020/01/09  0:00,63.0,5.0
2020/01/10  0:00,41.0,14.0
2020/01/11  0:00,36.0,11.0
2020/01/13  0:00,95.0,14.0
2020/01/14  0:00,63.0,11.0
2020/01/15  0:00,41.0,5.0
2020/01/16  0:00,60.0,19.0
2020/01/17  0:00,20.0,6.0
2020/01/18  0:00,36.0,11.0
2020/01/19  0:00,52.0,7.0
2020/01/20  0:00,50.0,17.0
2020/01/21  0:00,17.0,5.0
2020/01/22  0:00,78.0,12.0
2020/01/23  0:00,53.0,19.0
2020/01/24  0:00,70.0,11.0
2020/01/26  0:00,64.0,13.0
2020/01/27  0:00,35.0,8.0
2020/01/28  0:00,43.0,9.0
2020/01/29  0:00,54.0,4.0
2020/01/30  0:00,18.0,3.0
2020/01/31  0:00,68.0,10.0
2020/02/01  0:00,11.0,9.0
2020/02/02  0:00,27.0,2.0
2020/02/03  0:00,46.0,7.0
2020/02/04  0:00,47.0,11.0
2020/02/05  0:00,60.0,13.0
2020/02/06  0:00,47.0,4.0
2020/02/07  0:00,43.0,9.0
2020/02/08  0:00,28.0,12.0
2020/02/09  0:00,36.0,15.0
2020/02/10  0:00,50.0,15.0
2020/02/11  0:00,51.0,16.0
2020/02/12  0:00,45.0,11.0
2020/02/13  0:00,46.0,13.0
2020/02/14  0:00,80.0,31.0
2020/02/15  0:00,34.0,9.0
2020/02/16  0:00,22.0,5.0
2020/02/17  0:00,44.0,5.0
2020/02/18  0:00,66.0,16.0
2020/02/19  0:00,48.0,18.0
2020/02/20  0:00,37.0,13.0
2020/02/21  0:00,38.0,5.0
2020/02/22  0:00,78.0,16.0
2020/02/23  0:00,41.0,15.0
2020/02/24  0:00,29.0,6.0
2020/02/25  0:00,37.0,11.0
2020/02/26  0:00,69.0,13.0
2020/02/27  0:00,52.0,6.0
2020/02/28  0:00,39.0,21.0
2020/02/29  0:00,31.0,9.0
2020/03/01  0:00,30.0,8.0
2020/03/02  0:00,55.0,18.0
2020/03/03  0:00,41.0,7.0
2020/03/04  0:00,52.0,11.0
2020/03/05  0:00,74.0,19.0
2020/03/06  0:00,51.0,13.0
2020/03/07  0:00,36.0,1.0
2020/03/08  0:00,22.0,6.0
2020/03/09  0:00,69.0,20.0
2020/03/10  0:00,89.0,12.0
2020/03/11  0:00,45.0,21.0
2020/03/12  0:00,67.0,14.0
2020/03/13  0:00,40.0,18.0
2020/03/14  0:00,35.0,11.0
2020/03/15  0:00,40.0,6.0
2020/03/16  0:00,18.0,5.0
2020/03/17  0:00,64.0,19.0
2020/03/18  0:00,58.0,7.0
2020/03/19  0:00,57.0,11.0
2020/03/20  0:00,71.0,18.0
2020/03/21  0:00,39.0,5.0
2020/03/22  0:00,44.0,11.0
2020/03/23  0:00,41.0,6.0
2020/03/24  0:00,48.0,7.0
2020/03/25  0:00,68.0,5.0
2020/03/26  0:00,49.0,17.0
2020/03/27  0:00,65.0,4.0
2020/03/28  0:00,35.0,13.0
2020/03/29  0:00,59.0,7.0
2020/03/30  0:00,73.0,16.0
2020/03/31  0:00,57.0,19.0
2020/04/01  0:00,40.0,5.0
2020/04/02  0:00,50.0,24.0
2020/04/03  0:00,34.0,20.0
2020/04/04  0:00,53.0,16.0
2020/04/05  0:00,38.0,20.0
2020/04/06  0:00,45.0,8.0
2020/04/07  0:00,73.0,11.0
2020/04/08  0:00,41.0,11.0
2020/04/09  0:00,75.0,11.0
2020/04/10  0:00,57.0,12.0
2020/04/11  0:00,21.0,0.0
2020/04/12  0:00,70.0,14.0
2020/04/13  0:00,51.0,7.0
2020/04/14  0:00,66.0,16.0
2020/04/15  0:00,75.0,8.0
2020/04/16  0:00,113.0,19.0
2020/04/17  0:00,75.0,15.0
2020/04/18  0:00,82.0,10.0
2020/04/19  0:00,29.0,9.0
2020/04/20  0:00,95.0,16.0
2020/04/21  0:00,34.0,17.0
2020/04/22  0:00,58.0,8.0
2020/04/23  0:00,50.0,9.0
2020/04/24  0:00,47.0,12.0
2020/04/25  0:00,40.0,17.0
2020/04/26  0:00,83.0,15.0
2020/04/27  0:00,26.0,9.0
2020/04/28  0:00,74.0,14.0
2020/04/29  0:00,63.0,4.0
2020/04/30  0:00,47.0,5.0
2020/05/01  0:00,57.0,9.0
2020/05/02  0:00,25.0,3.0
2020/05/03  0:00,37.0,12.0
2020/05/04  0:00,81.0,20.0
2020/05/05  0:00,52.0,21.0
2020/05/06  0:00,61.0,13.0
2020/05/07  0:00,89.0,16.0
2020/05/08  0:00,69.0,11.0
2020/05/09  0:00,70.0,10.0
2020/05/10  0:00,62.0,15.0
2020/05/11  0:00,53.0,12.0
2020/05/12  0:00,56.0,6.0
2020/05/13  0:00,64.0,6.0
2020/05/14  0:00,51.0,8.0
2020/05/15  0:00,92.0,20.0
2020/05/16  0:00,34.0,12.0
2020/05/17  0:00,60.0,19.0
2020/05/18  0:00,63.0,22.0
2020/05/19  0:00,51.0,10.0
2020/05/20  0:00,95.0,10.0
2020/05/21  0:00,58.0,20.0
2020/05/22  0:00,72.0,16.0
2020/05/23  0:00,56.0,12.0
2020/05/24  0:00,58.0,10.0
2020/05/25  0:00,59.0,16.0
2020/05/26  0:00,50.0,10.0
2020/05/27  0:00,49.0,12.0
2020/05/28  0:00,89.0,24.0
2020/05/29  0:00,50.0,6.0
2020/05/30  0:00,52.0,20.0
2020/05/31  0:00,60.0,13.0
2020/06/01  0:00,36.0,12.0
2020/06/02  0:00,51.0,11.0
2020/06/03  0:00,73.0,18.0
2020/06/04  0:00,71.0,21.0
2020/06/05  0:00,46.0,9.0
2020/06/06  0:00,45.0,7.0
2020/06/07  0:00,39.0,10.0
2020/06/08  0:00,53.0,11.0
2020/06/09  0:00,63.0,9.0
2020/06/10  0:00,69.0,17.0
2020/06/11  0:00,65.0,16.0
2020/06/12  0:00,64.0,11.0
2020/06/13  0:00,44.0,8.0
2020/06/14  0:00,33.0,6.0
2020/06/15  0:00,80.0,7.0
2020/06/16  0:00,61.0,8.0
2020/06/17  0:00,53.0,11.0
2020/06/18  0:00,77.0,15.0
2020/06/19  0:00,49.0,4.0
2020/06/20  0:00,25.0,5.0
2020/06/21  0:00,69.0,18.0
2020/06/22  0:00,41.0,1.0
2020/06/23  0:00,75.0,13.0
2020/06/24  0:00,42.0,8.0
2020/06/25  0:00,-21.0,10.0
2020/06/26  0:00,35.0,1.0
2020/06/27  0:00,44.0,6.0
2020/06/28  0:00,29.0,10.0
2020/06/29  0:00,36.0,12.0
2020/06/30  0:00,108.0,15.0
2020/07/01  0:00,37.0,2.0
2020/07/02  0:00,120.0,24.0
2020/07/03  0:00,37.0,7.0
2020/07/04  0:00,55.0,7.0
2020/07/05  0:00,49.0,14.0
2020/07/06  0:00,48.0,11.0
2020/07/07  0:00,52.0,11.0
2020/07/08  0:00,31.0,7.0
2020/07/09  0:00,78.0,6.0
2020/07/10  0:00,57.0,9.0
2020/07/11  0:00,30.0,1.0
2020/07/12  0:00,93.0,14.0
2020/07/13  0:00,49.0,17.0
2020/07/14  0:00,51.0,5.0
2020/07/15  0:00,99.0,10.0
2020/07/16  0:00,102.0,14.0
2020/07/17  0:00,62.0,18.0
2020/07/19  0:00,100.0,13.0
2020/07/20  0:00,86.0,18.0
2020/07/21  0:00,54.0,14.0
2020/07/22  0:00,49.0,6.0
2020/07/23  0:00,65.0,12.0
2020/07/24  0:00,56.0,17.0
2020/07/25  0:00,51.0,7.0
2020/07/26  0:00,30.0,7.0
2020/07/27  0:00,72.0,17.0
2020/07/28  0:00,35.0,9.0
2020/07/29  0:00,107.0,10.0
2020/07/30  0:00,47.0,11.0
2020/07/31  0:00,45.0,3.0
2020/08/01  0:00,14.0,1.0
2020/08/02  0:00,25.0,0.0
2020/08/03  0:00,91.0,14.0
2020/08/04  0:00,59.0,8.0
2020/08/05  0:00,63.0,27.0
2020/08/06  0:00,40.0,5.0
2020/08/07  0:00,61.0,15.0
2020/08/08  0:00,20.0,-1.0
2020/08/09  0:00,34.0,1.0
2020/08/10  0:00,85.0,9.0
2020/08/11  0:00,51.0,9.0
2020/08/12  0:00,43.0,12.0
2020/08/13  0:00,89.0,5.0
2020/08/14  0:00,60.0,9.0
2020/08/15  0:00,36.0,8.0
2020/08/16  0:00,48.0,10.0
2020/08/17  0:00,65.0,13.0
2020/08/18  0:00,49.0,7.0
2020/08/19  0:00,48.0,13.0
2020/08/20  0:00,39.0,11.0
2020/08/21  0:00,24.0,7.0
2020/08/23  0:00,116.0,16.0
2020/08/24  0:00,41.0,11.0
2020/08/25  0:00,73.0,24.0
2020/08/26  0:00,209.0,16.0
2020/08/27  0:00,45.0,8.0
2020/08/28  0:00,58.0,19.0
2020/08/29  0:00,42.0,11.0
2020/08/30  0:00,60.0,-1.0
2020/08/31  0:00,31.0,7.0
2020/09/01  0:00,78.0,15.0
2020/09/02  0:00,44.0,14.0
2020/09/03  0:00,85.0,15.0
2020/09/04  0:00,43.0,10.0
2020/09/06  0:00,58.0,29.0
2020/09/07  0:00,37.0,10.0
2020/09/08  0:00,56.0,10.0
2020/09/09  0:00,53.0,15.0
2020/09/10  0:00,62.0,6.0
2020/09/11  0:00,54.0,11.0
2020/09/12  0:00,48.0,4.0
2020/09/13  0:00,53.0,1.0
2020/09/14  0:00,55.0,10.0
2020/09/15  0:00,50.0,13.0
2020/09/16  0:00,54.0,14.0
2020/09/17  0:00,53.0,4.0
2020/09/18  0:00,31.0,16.0
2020/09/19  0:00,43.0,8.0
2020/09/20  0:00,25.0,6.0
2020/09/21  0:00,71.0,9.0
2020/09/22  0:00,55.0,3.0
2020/09/23  0:00,65.0,11.0
2020/09/24  0:00,53.0,11.0
2020/09/25  0:00,38.0,11.0
2020/09/26  0:00,61.0,18.0
2020/09/27  0:00,16.0,3.0
2020/09/28  0:00,73.0,17.0
2020/09/29  0:00,44.0,15.0
2020/09/30  0:00,40.0,26.0
2020/10/01  0:00,64.0,44.0
2020/10/02  0:00,44.0,15.0
2020/10/03  0:00,51.0,1.0
2020/10/04  0:00,62.0,21.0
2020/10/05  0:00,45.0,12.0
2020/10/06  0:00,51.0,11.0
2020/10/07  0:00,59.0,12.0
2020/10/08  0:00,56.0,16.0
2020/10/09  0:00,50.0,11.0
2020/10/10  0:00,25.0,11.0
2020/10/11  0:00,66.0,15.0
2020/10/12  0:00,38.0,11.0
2020/10/13  0:00,63.0,11.0
2020/10/14  0:00,57.0,19.0
2020/10/15  0:00,66.0,19.0
2020/10/16  0:00,43.0,6.0
2020/10/17  0:00,33.0,6.0
2020/10/18  0:00,88.0,15.0
2020/10/19  0:00,39.0,4.0
2020/10/20  0:00,36.0,12.0
2020/10/21  0:00,76.0,20.0
2020/10/22  0:00,38.0,16.0
2020/10/23  0:00,34.0,12.0
2020/10/24  0:00,31.0,2.0
2020/10/25  0:00,54.0,7.0
2020/10/26  0:00,56.0,11.0
2020/10/27  0:00,27.0,7.0
2020/10/28  0:00,53.0,10.0
2020/10/29  0:00,56.0,5.0
2020/10/30  0:00,35.0,5.0
2020/11/01  0:00,79.0,16.0
2020/11/02  0:00,24.0,7.0
2020/11/03  0:00,56.0,14.0
2020/11/04  0:00,49.0,17.0
2020/11/05  0:00,50.0,13.0
2020/11/06  0:00,55.0,8.0
2020/11/07  0:00,57.0,6.0
2020/11/08  0:00,39.0,8.0
2020/11/09  0:00,57.0,19.0
2020/11/10  0:00,55.0,16.0
2020/11/11  0:00,41.0,12.0
2020/11/12  0:00,86.0,19.0
2020/11/13  0:00,35.0,12.0
2020/11/14  0:00,48.0,8.0
2020/11/16  0:00,95.0,20.0
2020/11/17  0:00,43.0,7.0
2020/11/18  0:00,75.0,17.0
2020/11/19  0:00,63.0,14.0
2020/11/20  0:00,64.0,11.0
2020/11/21  0:00,34.0,16.0
2020/11/22  0:00,37.0,15.0
2020/11/23  0:00,47.0,18.0
2020/11/24  0:00,41.0,13.0
2020/11/25  0:00,56.0,12.0
2020/11/26  0:00,46.0,10.0
2020/11/27  0:00,38.0,17.0
2020/11/28  0:00,40.0,15.0
2020/11/29  0:00,27.0,9.0
2020/11/30  0:00,58.0,9.0
2020/12/01  0:00,70.0,15.0
2020/12/02  0:00,50.0,7.0
2020/12/03  0:00,29.0,9.0
2020/12/04  0:00,64.0,13.0
2020/12/05  0:00,30.0,6.0
2020/12/06  0:00,41.0,2.0
2020/12/07  0:00,44.0,15.0
2020/12/08  0:00,27.0,12.0
2020/12/09  0:00,57.0,0.0
2020/12/10  0:00,70.0,13.0
2020/12/11  0:00,53.0,14.0
2020/12/12  0:00,235.0,15.0
2020/12/13  0:00,53.0,10.0
2020/12/14  0:00,65.0,14.0
2020/12/15  0:00,66.0,9.0
2020/12/16  0:00,74.0,20.0
2020/12/17  0:00,34.0,6.0
2020/12/18  0:00,60.0,11.0
2020/12/19  0:00,32.0,9.0
2020/12/20  0:00,42.0,12.0
2020/12/21  0:00,42.0,6.0
2020/12/22  0:00,58.0,7.0
2020/12/23  0:00,72.0,14.0
2020/12/24  0:00,40.0,4.0
2020/12/25  0:00,27.0,8.0
2020/12/27  0:00,67.0,16.0
2020/12/28  0:00,55.0,16.0
2020/12/29  0:00,65.0,8.0
2020/12/30  0:00,48.0,-3.0
2020/12/31  0:00,48.0,12.0
2021/01/01  0:00,39.0,4.0
2021/01/02  0:00,32.0,9.0
2021/01/03  0:00,5.0,-1.0
2021/01/04  0:00,62.0,9.0
2021/01/05  0:00,70.0,12.0
2021/01/06  0:00,45.0,23.0
2021/01/07  0:00,20.0,13.0
2021/01/08  0:00,39.0,10.0
2021/01/09  0:00,33.0,4.0
2021/01/10  0:00,60.0,4.0
2021/01/11  0:00,49.0,6.0
2021/01/12  0:00,46.0,14.0
2021/01/13  0:00,44.0,14.0
2021/01/14  0:00,43.0,8.0
2021/01/15  0:00,36.0,5.0
2021/01/16  0:00,38.0,4.0
2021/01/17  0:00,23.0,11.0
2021/01/18  0:00,71.0,21.0
2021/01/19  0:00,34.0,9.0
2021/01/20  0:00,48.0,11.0
2021/01/21  0:00,62.0,0.0
2021/01/22  0:00,56.0,7.0
2021/01/23  0:00,10.0,6.0
2021/01/24  0:00,84.0,15.0
2021/01/25  0:00,34.0,4.0
2021/01/26  0:00,61.0,10.0
2021/01/27  0:00,68.0,18.0
2021/01/28  0:00,45.0,8.0
2021/01/29  0:00,70.0,21.0
2021/01/30  0:00,15.0,6.0
2021/01/31  0:00,71.0,16.0
2021/02/01  0:00,45.0,9.0
2021/02/02  0:00,64.0,20.0
2021/02/03  0:00,36.0,-2.0
2021/02/04  0:00,78.0,17.0
2021/02/05  0:00,53.0,20.0
2021/02/06  0:00,163.0,13.0
2021/02/07  0:00,143.0,17.0
2021/02/08  0:00,73.0,5.0
2021/02/09  0:00,67.0,12.0
2021/02/10  0:00,46.0,12.0
2021/02/11  0:00,47.0,7.0
2021/02/12  0:00,51.0,9.0
2021/02/13  0:00,11.0,4.0
2021/02/14  0:00,72.0,10.0
2021/02/15  0:00,59.0,11.0
2021/02/16  0:00,48.0,10.0
2021/02/17  0:00,74.0,11.0
2021/02/18  0:00,32.0,17.0
2021/02/19  0:00,48.0,22.0
2021/02/20  0:00,38.0,7.0
2021/02/21  0:00,81.0,7.0
2021/02/22  0:00,50.0,15.0
2021/02/23  0:00,43.0,6.0
2021/02/24  0:00,68.0,13.0
2021/02/25  0:00,44.0,8.0
2021/02/26  0:00,42.0,13.0
2021/02/27  0:00,40.0,6.0
2021/02/28  0:00,39.0,8.0
2021/03/01  0:00,43.0,3.0
2021/03/02  0:00,37.0,8.0
2021/03/03  0:00,59.0,20.0
2021/03/04  0:00,62.0,8.0
2021/03/05  0:00,56.0,9.0
2021/03/06  0:00,151.0,10.0
2021/03/07  0:00,371.0,17.0
2021/03/08  0:00,80.0,12.0
2021/03/09  0:00,58.0,16.0
2021/03/10  0:00,39.0,9.0
2021/03/11  0:00,46.0,4.0
2021/03/12  0:00,35.0,8.0
2021/03/13  0:00,34.0,12.0
2021/03/14  0:00,25.0,4.0
2021/03/15  0:00,70.0,10.0
2021/03/16  0:00,47.0,10.0
2021/03/17  0:00,42.0,2.0
2021/03/18  0:00,53.0,7.0
2021/03/19  0:00,56.0,12.0
2021/03/20  0:00,13.0,4.0
2021/03/21  0:00,73.0,18.0
2021/03/22  0:00,49.0,10.0
2021/03/23  0:00,41.0,15.0
2021/03/24  0:00,49.0,1.0
2021/03/25  0:00,61.0,3.0
2021/03/26  0:00,59.0,14.0
2021/03/27  0:00,35.0,3.0
2021/03/28  0:00,40.0,3.0
2021/03/29  0:00,48.0,5.0
2021/03/30  0:00,46.0,9.0
2021/03/31  0:00,52.0,4.0
2021/04/01  0:00,52.0,7.0
2021/04/02  0:00,212.0,20.0
2021/04/03  0:00,65.0,7.0
2021/04/04  0:00,41.0,5.0
2021/04/05  0:00,41.0,3.0
2021/04/06  0:00,35.0,2.0
2021/04/07  0:00,51.0,18.0
2021/04/08  0:00,46.0,22.0
2021/04/09  0:00,53.0,16.0
2021/04/10  0:00,24.0,3.0
2021/04/11  0:00,56.0,16.0
2021/04/12  0:00,45.0,6.0
2021/04/13  0:00,60.0,13.0
2021/04/14  0:00,35.0,6.0
2021/04/15  0:00,38.0,9.0
2021/04/16  0:00,74.0,21.0
2021/04/17  0:00,17.0,3.0
2021/04/18  0:00,57.0,14.0
2021/04/19  0:00,51.0,7.0
2021/04/20  0:00,45.0,13.0
2021/04/21  0:00,50.0,6.0
2021/04/22  0:00,53.0,14.0
2021/04/23  0:00,39.0,13.0
2021/04/24  0:00,30.0,6.0
2021/04/25  0:00,90.0,4.0
2021/04/26  0:00,41.0,16.0
2021/04/27  0:00,56.0,11.0
2021/04/28  0:00,55.0,4.0
2021/04/29  0:00,44.0,7.0
2021/04/30  0:00,52.0,3.0
2021/05/01  0:00,38.0,8.0
2021/05/02  0:00,35.0,7.0
2021/05/03  0:00,28.0,14.0
2021/05/04  0:00,42.0,46.0
2021/05/05  0:00,36.0,6.0
2021/05/06  0:00,58.0,11.0
2021/05/07  0:00,41.0,3.0
2021/05/08  0:00,45.0,15.0
2021/05/09  0:00,48.0,13.0
2021/05/10  0:00,46.0,10.0
2021/05/11  0:00,63.0,6.0
2021/05/12  0:00,38.0,6.0
2021/05/13  0:00,37.0,5.0
2021/05/14  0:00,55.0,8.0
2021/05/15  0:00,51.0,11.0
2021/05/16  0:00,30.0,4.0
2021/05/17  0:00,41.0,10.0
2021/05/18  0:00,49.0,1.0
2021/05/19  0:00,28.0,17.0
2021/05/20  0:00,35.0,13.0
2021/05/21  0:00,43.0,13.0
2021/05/22  0:00,35.0,3.0
2021/05/23  0:00,47.0,6.0
2021/05/24  0:00,48.0,17.0
2021/05/25  0:00,41.0,4.0
2021/05/26  0:00,57.0,13.0
2021/05/27  0:00,51.0,11.0
2021/05/28  0:00,29.0,0.0
2021/05/29  0:00,29.0,2.0
2021/05/30  0:00,34.0,7.0
2021/05/31  0:00,40.0,9.0
2021/06/01  0:00,52.0,3.0
2021/06/02  0:00,49.0,15.0
2021/06/03  0:00,34.0,6.0
2021/06/04  0:00,51.0,10.0
2021/06/05  0:00,32.0,11.0
2021/06/06  0:00,29.0,7.0
2021/06/07  0:00,41.0,0.0
2021/06/08  0:00,53.0,7.0
2021/06/09  0:00,31.0,2.0
2021/06/10  0:00,7.0,12.0
2021/06/11  0:00,20.0,13.0
2021/06/12  0:00,205.0,1.0
2021/06/13  0:00,70.0,9.0
2021/06/14  0:00,36.0,11.0
2021/06/15  0:00,35.0,5.0
2021/06/16  0:00,34.0,13.0
2021/06/17  0:00,54.0,6.0
2021/06/18  0:00,29.0,4.0
2021/06/19  0:00,24.0,5.0
2021/06/20  0:00,32.0,9.0
2021/06/21  0:00,43.0,7.0
2021/06/22  0:00,33.0,5.0
2021/06/23  0:00,66.0,9.0
2021/06/24  0:00,47.0,10.0
2021/06/25  0:00,35.0,1.0
2021/06/26  0:00,34.0,4.0
2021/06/27  0:00,35.0,8.0
2021/06/28  0:00,35.0,13.0
2021/06/29  0:00,50.0,5.0
2021/06/30  0:00,35.0,10.0
2021/07/01  0:00,42.0,10.0
2021/07/02  0:00,28.0,9.0
2021/07/03  0:00,35.0,17.0
2021/07/04  0:00,17.0,10.0
2021/07/05  0:00,52.0,5.0
2021/07/06  0:00,37.0,8.0
2021/07/07  0:00,51.0,10.0
2021/07/08  0:00,45.0,8.0
2021/07/09  0:00,42.0,18.0
2021/07/10  0:00,173.0,7.0
2021/07/11  0:00,120.0,13.0
2021/07/12  0:00,39.0,13.0
2021/07/13  0:00,70.0,7.0
2021/07/14  0:00,42.0,23.0
2021/07/15  0:00,54.0,38.0
2021/07/16  0:00,43.0,12.0
2021/07/17  0:00,45.0,3.0
2021/07/18  0:00,40.0,7.0
2021/07/19  0:00,33.0,9.0
2021/07/20  0:00,46.0,6.0
2021/07/21  0:00,44.0,6.0
2021/07/22  0:00,43.0,12.0
2021/07/23  0:00,43.0,11.0
2021/07/24  0:00,32.0,-1.0
2021/07/25  0:00,20.0,7.0
2021/07/26  0:00,58.0,11.0
2021/07/27  0:00,44.0,6.0
2021/07/28  0:00,36.0,13.0
2021/07/29  0:00,28.0,4.0
2021/07/30  0:00,37.0,1.0
2021/08/01  0:00,67.0,2.0
2021/08/02  0:00,24.0,2.0
2021/08/03  0:00,51.0,14.0
2021/08/04  0:00,44.0,12.0
2021/08/05  0:00,48.0,12.0
2021/08/06  0:00,57.0,14.0
2021/08/07  0:00,184.0,13.0
2021/08/08  0:00,29.0,-2.0
2021/08/09  0:00,54.0,12.0
2021/08/10  0:00,45.0,19.0
2021/08/11  0:00,46.0,5.0
2021/08/12  0:00,29.0,3.0
2021/08/13  0:00,35.0,9.0
2021/08/14  0:00,18.0,2.0
2021/08/15  0:00,45.0,12.0
2021/08/16  0:00,56.0,9.0
2021/08/17  0:00,49.0,16.0
2021/08/18  0:00,67.0,15.0
2021/08/19  0:00,46.0,9.0
2021/08/20  0:00,36.0,10.0
2021/08/21  0:00,22.0,8.0
2021/08/22  0:00,54.0,8.0
2021/08/23  0:00,27.0,3.0
2021/08/24  0:00,36.0,17.0
2021/08/25  0:00,20.0,5.0
2021/08/27  0:00,88.0,21.0
2021/08/28  0:00,40.0,1.0
2021/08/29  0:00,39.0,2.0
2021/08/30  0:00,43.0,9.0
2021/08/31  0:00,42.0,12.0
2021/09/01  0:00,37.0,0.0
2021/09/02  0:00,48.0,8.0
2021/09/03  0:00,42.0,16.0
2021/09/05  0:00,85.0,20.0
2021/09/06  0:00,47.0,14.0
2021/09/07  0:00,47.0,24.0
2021/09/08  0:00,48.0,13.0
2021/09/09  0:00,41.0,10.0
2021/09/10  0:00,33.0,6.0
2021/09/11  0:00,15.0,7.0
2021/09/12  0:00,40.0,5.0
2021/09/13  0:00,42.0,16.0
2021/09/14  0:00,75.0,10.0
2021/09/15  0:00,40.0,13.0
2021/09/16  0:00,39.0,16.0
2021/09/17  0:00,42.0,10.0
2021/09/18  0:00,12.0,8.0
2021/09/19  0:00,39.0,1.0
2021/09/20  0:00,42.0,6.0
2021/09/21  0:00,42.0,20.0
2021/09/22  0:00,59.0,3.0
2021/09/23  0:00,48.0,9.0
2021/09/24  0:00,38.0,10.0
2021/09/25  0:00,24.0,5.0
2021/09/26  0:00,32.0,13.0
2021/09/27  0:00,44.0,12.0
2021/09/28  0:00,42.0,28.0
2021/09/29  0:00,53.0,41.0
2021/09/30  0:00,39.0,22.0
2021/10/01  0:00,16.0,19.0
2021/10/02  0:00,44.0,14.0
2021/10/03  0:00,41.0,14.0
2021/10/04  0:00,51.0,20.0
2021/10/05  0:00,32.0,11.0
2021/10/06  0:00,22.0,13.0
2021/10/29  0:00,1018.0,283.0
2021/10/30  0:00,37.0,5.0
2021/10/31  0:00,58.0,7.0
2021/11/01  0:00,36.0,5.0
2021/11/02  0:00,46.0,7.0
2021/11/03  0:00,37.0,8.0
2021/11/04  0:00,58.0,7.0
2021/11/05  0:00,90.0,6.0
2021/11/06  0:00,80.0,18.0
2021/11/07  0:00,49.0,12.0
2021/11/08  0:00,51.0,4.0
2021/11/09  0:00,43.0,11.0
2021/11/10  0:00,60.0,8.0
2021/11/11  0:00,38.0,-1.0
2021/11/12  0:00,39.0,1.0
2021/11/13  0:00,46.0,5.0
2021/11/14  0:00,43.0,10.0
2021/11/15  0:00,70.0,12.0
2021/11/16  0:00,37.0,7.0
2021/11/17  0:00,49.0,3.0
2021/11/18  0:00,66.0,10.0
2021/11/19  0:00,42.0,16.0
2021/11/20  0:00,30.0,4.0
2021/11/21  0:00,29.0,15.0
2021/11/22  0:00,45.0,11.0
2021/11/23  0:00,43.0,13.0
2021/11/24  0:00,36.0,9.0
2021/11/25  0:00,56.0,22.0
2021/11/26  0:00,51.0,15.0
2021/11/27  0:00,24.0,0.0
2021/11/28  0:00,13.0,3.0
2021/11/29  0:00,51.0,15.0
2021/11/30  0:00,35.0,6.0
2021/12/01  0:00,43.0,2.0
2021/12/02  0:00,38.0,13.0
2021/12/03  0:00,54.0,14.0
2021/12/04  0:00,33.0,10.0
2021/12/06  0:00,57.0,14.0
2021/12/07  0:00,44.0,11.0
2021/12/08  0:00,51.0,10.0
2021/12/09  0:00,30.0,10.0
2021/12/10  0:00,31.0,11.0
2021/12/12  0:00,59.0,15.0
2021/12/13  0:00,45.0,13.0
2021/12/14  0:00,45.0,6.0
2021/12/15  0:00,29.0,12.0
2021/12/16  0:00,63.0,13.0
2021/12/17  0:00,34.0,8.0
2021/12/18  0:00,29.0,11.0
2021/12/19  0:00,54.0,3.0
2021/12/20  0:00,41.0,4.0
2021/12/21  0:00,58.0,14.0
2021/12/22  0:00,34.0,6.0
2021/12/23  0:00,23.0,14.0
2021/12/24  0:00,30.0,9.0
2021/12/26  0:00,62.0,18.0
2021/12/27  0:00,16.0,-1.0
2021/12/28  0:00,30.0,4.0
2021/12/29  0:00,20.0,3.0
2021/12/30  0:00,62.0,18.0
2021/12/31  0:00,12.0,7.0
2022/01/01  0:00,49.0,10.0
2022/01/02  0:00,26.0,8.0
2022/01/03  0:00,34.0,6.0
2022/01/04  0:00,28.0,10.0
2022/01/05  0:00,40.0,9.0
2022/01/06  0:00,48.0,9.0
2022/01/07  0:00,35.0,12.0
2022/01/08  0:00,33.0,10.0
2022/01/09  0:00,47.0,11.0
2022/01/10  0:00,39.0,10.0
2022/01/11  0:00,40.0,4.0
2022/01/12  0:00,49.0,4.0
2022/01/13  0:00,35.0,9.0
2022/01/14  0:00,28.0,8.0
2022/01/15  0:00,21.0,8.0
2022/01/16  0:00,31.0,5.0
2022/01/17  0:00,35.0,16.0
2022/01/18  0:00,66.0,2.0
2022/01/19  0:00,51.0,10.0
2022/01/20  0:00,50.0,8.0
2022/01/21  0:00,51.0,19.0
2022/01/22  0:00,19.0,6.0
2022/01/23  0:00,45.0,9.0
2022/01/24  0:00,37.0,9.0
2022/01/25  0:00,27.0,10.0
2022/01/26  0:00,15.0,6.0
2022/01/27  0:00,38.0,10.0
2022/01/28  0:00,40.0,10.0
2022/01/29  0:00,32.0,17.0
2022/01/30  0:00,37.0,14.0
2022/01/31  0:00,40.0,3.0
2022/02/01  0:00,34.0,7.0
2022/02/02  0:00,44.0,13.0
2022/02/03  0:00,35.0,16.0
2022/02/04  0:00,47.0,6.0
2022/02/05  0:00,72.0,12.0
2022/02/06  0:00,108.0,14.0
2022/02/07  0:00,50.0,22.0
2022/02/08  0:00,58.0,18.0
2022/02/09  0:00,49.0,12.0
2022/02/10  0:00,45.0,8.0
2022/02/11  0:00,54.0,22.0
2022/02/12  0:00,28.0,13.0
2022/02/13  0:00,44.0,7.0
2022/02/14  0:00,25.0,5.0
2022/02/15  0:00,35.0,9.0
2022/02/16  0:00,32.0,10.0
2022/02/17  0:00,57.0,24.0
2022/02/18  0:00,32.0,11.0
2022/02/19  0:00,50.0,7.0
2022/02/20  0:00,11.0,5.0
2022/02/21  0:00,63.0,13.0
2022/02/22  0:00,25.0,6.0
2022/02/23  0:00,45.0,6.0
2022/02/24  0:00,34.0,9.0
2022/02/25  0:00,48.0,7.0
2022/02/26  0:00,37.0,10.0
2022/02/27  0:00,42.0,10.0
2022/02/28  0:00,56.0,9.0
2022/03/01  0:00,24.0,5.0
2022/03/02  0:00,50.0,17.0
2022/03/03  0:00,50.0,12.0
2022/03/04  0:00,49.0,6.0
2022/03/05  0:00,32.0,5.0
2022/03/06  0:00,63.0,8.0
2022/03/07  0:00,42.0,9.0
2022/03/08  0:00,69.0,1.0
2022/03/09  0:00,23.0,13.0
2022/03/10  0:00,68.0,15.0
2022/03/11  0:00,30.0,-3.0
2022/03/12  0:00,44.0,4.0
2022/03/13  0:00,35.0,3.0
2022/03/14  0:00,50.0,18.0
2022/03/15  0:00,32.0,6.0
2022/03/16  0:00,42.0,19.0
2022/03/17  0:00,40.0,4.0
2022/03/18  0:00,29.0,13.0
2022/03/19  0:00,32.0,8.0
2022/03/20  0:00,27.0,8.0
2022/03/21  0:00,47.0,15.0
2022/03/22  0:00,56.0,12.0
2022/03/23  0:00,45.0,19.0
2022/03/24  0:00,42.0,9.0
2022/03/25  0:00,47.0,1.0
2022/03/26  0:00,40.0,15.0
2022/03/27  0:00,41.0,5.0
2022/03/28  0:00,49.0,17.0
2022/03/29  0:00,41.0,7.0
2022/03/30  0:00,57.0,10.0
2022/03/31  0:00,65.0,13.0
2022/04/01  0:00,42.0,12.0
2022/04/02  0:00,5.0,3.0
2022/04/03  0:00,56.0,12.0
2022/04/04  0:00,47.0,3.0
2022/04/05  0:00,-3.0,11.0
2022/04/06  0:00,37.0,8.0
2022/04/07  0:00,49.0,9.0
2022/04/08  0:00,27.0,11.0
2022/04/09  0:00,34.0,1.0
2022/04/10  0:00,61.0,11.0
2022/04/11  0:00,48.0,12.0
2022/04/12  0:00,33.0,7.0
2022/04/13  0:00,46.0,9.0
2022/04/14  0:00,31.0,6.0
2022/04/15  0:00,38.0,-2.0
2022/04/16  0:00,19.0,4.0
2022/04/17  0:00,67.0,8.0
2022/04/18  0:00,33.0,5.0
2022/04/19  0:00,49.0,9.0
2022/04/20  0:00,54.0,14.0
2022/04/21  0:00,32.0,8.0
2022/04/22  0:00,32.0,9.0
2022/04/23  0:00,34.0,5.0
2022/04/24  0:00,61.0,10.0
2022/04/25  0:00,47.0,11.0
2022/04/26  0:00,26.0,12.0
2022/04/27  0:00,31.0,7.0
2022/04/28  0:00,29.0,5.0
2022/04/29  0:00,33.0,14.0
2022/04/30  0:00,46.0,-1.0
2022/05/01  0:00,24.0,3.0
2022/05/02  0:00,53.0,9.0
2022/05/03  0:00,60.0,3.0
2022/05/04  0:00,53.0,7.0
2022/05/05  0:00,38.0,4.0
2022/05/06  0:00,72.0,13.0
2022/05/07  0:00,162.0,20.0
2022/05/08  0:00,82.0,5.0
2022/05/09  0:00,58.0,15.0
2022/05/10  0:00,56.0,5.0
2022/05/11  0:00,61.0,10.0
2022/05/12  0:00,60.0,15.0
2022/05/13  0:00,32.0,2.0
2022/05/14  0:00,38.0,12.0
2022/05/15  0:00,37.0,11.0
2022/05/16  0:00,41.0,7.0
2022/05/17  0:00,39.0,16.0
2022/05/18  0:00,32.0,6.0
2022/05/19  0:00,60.0,7.0
2022/05/20  0:00,38.0,10.0
2022/05/21  0:00,44.0,5.0
2022/05/22  0:00,38.0,-1.0
2022/05/23  0:00,45.0,8.0
2022/05/24  0:00,44.0,9.0
2022/05/25  0:00,38.0,3.0
2022/05/26  0:00,32.0,8.0
2022/05/27  0:00,41.0,14.0
2022/05/28  0:00,26.0,7.0
2022/05/29  0:00,48.0,13.0
2022/05/30  0:00,46.0,12.0
2022/05/31  0:00,43.0,4.0
2022/06/01  0:00,45.0,10.0
2022/06/02  0:00,29.0,12.0
2022/06/03  0:00,26.0,2.0
2022/06/05  0:00,80.0,21.0
2022/06/06  0:00,43.0,5.0
2022/06/07  0:00,41.0,11.0
2022/06/08  0:00,50.0,4.0
2022/06/09  0:00,59.0,12.0
2022/06/10  0:00,45.0,18.0
2022/06/11  0:00,34.0,4.0
2022/06/12  0:00,42.0,11.0
2022/06/13  0:00,45.0,8.0
2022/06/14  0:00,47.0,9.0
2022/06/15  0:00,65.0,6.0
2022/06/16  0:00,33.0,10.0
2022/06/17  0:00,32.0,21.0
2022/06/18  0:00,32.0,11.0
2022/06/19  0:00,42.0,15.0
2022/06/20  0:00,65.0,11.0
2022/06/21  0:00,34.0,7.0
2022/06/22  0:00,34.0,9.0
2022/06/23  0:00,37.0,10.0
2022/06/24  0:00,38.0,13.0
2022/06/25  0:00,26.0,12.0
2022/06/26  0:00,33.0,1.0
2022/06/27  0:00,33.0,11.0
2022/06/28  0:00,29.0,14.0
2022/06/29  0:00,26.0,9.0
2022/06/30  0:00,48.0,6.0
2022/07/01  0:00,30.0,12.0
2022/07/02  0:00,18.0,9.0
2022/07/03  0:00,26.0,10.0
2022/07/04  0:00,40.0,7.0
2022/07/05  0:00,36.0,0.0
2022/07/06  0:00,39.0,6.0
2022/07/07  0:00,47.0,12.0
2022/07/08  0:00,40.0,5.0
2022/07/09  0:00,24.0,4.0
2022/07/10  0:00,59.0,18.0
2022/07/11  0:00,43.0,9.0
2022/07/12  0:00,142.0,5.0
2022/07/13  0:00,51.0,12.0
2022/07/14  0:00,56.0,11.0
2022/07/15  0:00,41.0,2.0
2022/07/16  0:00,18.0,6.0
2022/07/17  0:00,50.0,13.0
2022/07/18  0:00,51.0,3.0
2022/07/19  0:00,42.0,13.0
2022/07/20  0:00,48.0,13.0
2022/07/21  0:00,43.0,1.0
2022/07/22  0:00,54.0,10.0
2022/07/23  0:00,26.0,6.0
2022/07/24  0:00,36.0,10.0
2022/07/25  0:00,52.0,7.0
2022/07/26  0:00,38.0,4.0
2022/07/27  0:00,45.0,11.0
2022/07/28  0:00,37.0,0.0
2022/07/29  0:00,13.0,8.0
2022/07/30  0:00,16.0,1.0
2022/07/31  0:00,7.0,1.0
2022/08/01  0:00,68.0,16.0
2022/08/02  0:00,41.0,8.0
2022/08/03  0:00,40.0,5.0
2022/08/04  0:00,46.0,4.0
2022/08/05  0:00,39.0,9.0
2022/08/06  0:00,18.0,4.0
2022/08/07  0:00,60.0,9.0
2022/08/08  0:00,53.0,7.0
2022/08/09  0:00,50.0,9.0
2022/08/10  0:00,19.0,6.0
2022/08/11  0:00,45.0,13.0
2022/08/12  0:00,40.0,-3.0
2022/08/13  0:00,28.0,11.0
2022/08/14  0:00,28.0,9.0
2022/08/15  0:00,40.0,8.0
2022/08/16  0:00,34.0,12.0
2022/08/17  0:00,52.0,11.0
2022/08/18  0:00,43.0,7.0
2022/08/19  0:00,36.0,3.0
2022/08/20  0:00,10.0,6.0
2022/08/21  0:00,45.0,4.0
2022/08/22  0:00,35.0,7.0
2022/08/23  0:00,59.0,13.0
2022/08/24  0:00,37.0,15.0
2022/08/25  0:00,53.0,13.0
2022/08/26  0:00,24.0,12.0
2022/08/27  0:00,24.0,9.0
2022/08/28  0:00,37.0,4.0
2022/08/29  0:00,49.0,11.0
2022/08/30  0:00,40.0,12.0
2022/08/31  0:00,36.0,5.0
2022/09/01  0:00,54.0,10.0
2022/09/02  0:00,40.0,10.0
2022/09/03  0:00,34.0,3.0
2022/09/04  0:00,42.0,5.0
2022/09/05  0:00,42.0,5.0
2022/09/06  0:00,43.0,5.0
2022/09/07  0:00,46.0,11.0
2022/09/08  0:00,41.0,7.0
2022/09/09  0:00,41.0,5.0
2022/09/10  0:00,15.0,2.0
2022/09/11  0:00,33.0,1.0
2022/09/12  0:00,32.0,12.0
2022/09/13  0:00,41.0,11.0
2022/09/14  0:00,52.0,4.0
2022/09/15  0:00,38.0,8.0
2022/09/16  0:00,27.0,9.0
2022/09/17  0:00,39.0,14.0
2022/09/18  0:00,34.0,13.0
2022/09/19  0:00,41.0,8.0
2022/09/20  0:00,43.0,10.0
2022/09/21  0:00,45.0,4.0
2022/09/22  0:00,42.0,8.0
2022/09/23  0:00,24.0,9.0
2022/09/24  0:00,32.0,4.0
2022/09/25  0:00,39.0,10.0
2022/09/26  0:00,44.0,7.0
2022/09/27  0:00,50.0,5.0
2022/09/28  0:00,48.0,13.0
2022/09/29  0:00,31.0,8.0
2022/09/30  0:00,31.0,5.0
2022/10/01  0:00,17.0,9.0
2022/10/02  0:00,29.0,5.0
2022/10/03  0:00,28.0,11.0
2022/10/04  0:00,32.0,5.0
2022/10/05  0:00,28.0,29.0
2022/10/06  0:00,40.0,11.0
2022/10/07  0:00,51.0,19.0
2022/10/08  0:00,43.0,5.0
2022/10/09  0:00,124.0,20.0
2022/10/10  0:00,48.0,15.0
2022/10/11  0:00,37.0,20.0
2022/10/12  0:00,48.0,14.0
2022/10/13  0:00,58.0,37.0
2022/10/14  0:00,126.0,9.0
2022/10/15  0:00,37.0,14.0
2022/10/16  0:00,48.0,5.0
2022/10/17  0:00,44.0,10.0
2022/10/18  0:00,43.0,8.0
2022/10/19  0:00,93.0,7.0
2022/10/20  0:00,59.0,13.0
2022/10/21  0:00,35.0,4.0
2022/10/22  0:00,40.0,17.0
2022/10/23  0:00,38.0,7.0
2022/10/24  0:00,43.0,8.0
2022/10/25  0:00,42.0,16.0
2022/10/26  0:00,26.0,7.0
2022/10/27  0:00,54.0,11.0
2022/10/28  0:00,20.0,3.0
2022/10/29  0:00,44.0,19.0
2022/10/30  0:00,40.0,6.0
2022/10/31  0:00,30.0,13.0
2022/11/01  0:00,38.0,9.0
2022/11/02  0:00,30.0,7.0
2022/11/03  0:00,47.0,6.0
2022/11/04  0:00,27.0,3.0
2022/11/05  0:00,15.0,13.0
2022/11/06  0:00,30.0,5.0
2022/11/07  0:00,43.0,1.0
2022/11/08  0:00,52.0,16.0
2022/11/09  0:00,46.0,13.0
2022/11/10  0:00,46.0,13.0
2022/11/11  0:00,28.0,2.0
2022/11/12  0:00,27.0,6.0
2022/11/13  0:00,31.0,9.0
2022/11/14  0:00,34.0,9.0
2022/11/15  0:00,40.0,6.0
2022/11/16  0:00,45.0,4.0
2022/11/17  0:00,37.0,18.0
2022/11/18  0:00,28.0,3.0
2022/11/19  0:00,16.0,11.0
2022/11/20  0:00,41.0,11.0
2022/11/21  0:00,39.0,10.0
2022/11/22  0:00,31.0,7.0
2022/11/23  0:00,38.0,5.0
2022/11/24  0:00,32.0,4.0
2022/11/25  0:00,25.0,7.0
2022/11/26  0:00,47.0,12.0
2022/11/27  0:00,17.0,14.0
2022/11/28  0:00,38.0,8.0
2022/11/29  0:00,50.0,2.0
2022/11/30  0:00,35.0,14.0
2022/12/01  0:00,17.0,8.0
2022/12/02  0:00,32.0,6.0
2022/12/03  0:00,36.0,6.0
2022/12/04  0:00,11.0,-1.0
2022/12/05  0:00,52.0,6.0
2022/12/06  0:00,33.0,17.0
2022/12/07  0:00,42.0,20.0
2022/12/08  0:00,121.0,27.0
2022/12/09  0:00,47.0,6.0
2022/12/10  0:00,40.0,14.0
2022/12/11  0:00,43.0,18.0
2022/12/12  0:00,54.0,12.0
2022/12/13  0:00,52.0,14.0
2022/12/14  0:00,41.0,10.0
2022/12/15  0:00,47.0,2.0
2022/12/16  0:00,23.0,4.0
2022/12/17  0:00,44.0,1.0
2022/12/18  0:00,43.0,2.0
2022/12/19  0:00,31.0,2.0
2022/12/20  0:00,44.0,12.0
2022/12/21  0:00,31.0,3.0
2022/12/22  0:00,39.0,8.0
2022/12/23  0:00,20.0,8.0
2022/12/24  0:00,22.0,4.0
2022/12/25  0:00,32.0,7.0
2022/12/26  0:00,48.0,11.0
2022/12/27  0:00,23.0,8.0
2022/12/28  0:00,33.0,8.0
2022/12/29  0:00,31.0,17.0
2022/12/30  0:00,27.0,3.0
2022/12/31  0:00,7.0,4.0
2023/01/01  0:00,26.0,6.0
2023/01/02  0:00,46.0,8.0
2023/01/03  0:00,27.0,4.0
2023/01/04  0:00,51.0,2.0
2023/01/05  0:00,32.0,4.0
2023/01/06  0:00,40.0,7.0
2023/01/07  0:00,30.0,9.0
2023/01/08  0:00,26.0,3.0
2023/01/09  0:00,35.0,9.0
2023/01/10  0:00,41.0,5.0
2023/01/11  0:00,41.0,11.0
2023/01/12  0:00,59.0,4.0
2023/01/13  0:00,44.0,3.0
2023/01/14  0:00,27.0,6.0
2023/01/15  0:00,31.0,5.0
2023/01/16  0:00,47.0,10.0
2023/01/17  0:00,51.0,10.0
2023/01/18  0:00,26.0,5.0
2023/01/19  0:00,43.0,5.0
2023/01/20  0:00,36.0,9.0
2023/01/21  0:00,25.0,2.0
2023/01/22  0:00,28.0,7.0
2023/01/23  0:00,35.0,6.0
2023/01/24  0:00,35.0,11.0
2023/01/25  0:00,18.0,11.0
2023/01/26  0:00,24.0,4.0
2023/01/27  0:00,19.0,12.0
2023/01/28  0:00,30.0,8.0
2023/01/29  0:00,60.0,18.0
2023/01/30  0:00,33.0,7.0
2023/01/31  0:00,37.0,8.0
2023/02/01  0:00,43.0,11.0
2023/02/02  0:00,58.0,14.0
2023/02/03  0:00,56.0,7.0
2023/02/04  0:00,51.0,13.0
2023/02/05  0:00,44.0,8.0
2023/02/06  0:00,58.0,12.0
2023/02/07  0:00,55.0,16.0
2023/02/08  0:00,56.0,10.0
2023/02/09  0:00,34.0,5.0
2023/02/10  0:00,42.0,5.0
2023/02/11  0:00,13.0,9.0
2023/02/12  0:00,68.0,10.0
2023/02/13  0:00,30.0,3.0
2023/02/14  0:00,43.0,9.0
2023/02/15  0:00,44.0,11.0
2023/02/16  0:00,42.0,3.0
2023/02/17  0:00,33.0,7.0
2023/02/18  0:00,55.0,7.0
2023/02/19  0:00,34.0,7.0
2023/02/20  0:00,38.0,11.0
2023/02/21  0:00,35.0,2.0
2023/02/22  0:00,53.0,10.0
2023/02/23  0:00,28.0,14.0
2023/02/24  0:00,38.0,12.0
2023/02/25  0:00,19.0,0.0
2023/02/26  0:00,33.0,14.0
2023/02/27  0:00,27.0,8.0
2023/02/28  0:00,40.0,4.0
2023/03/01  0:00,40.0,17.0
2023/03/02  0:00,36.0,16.0
2023/03/03  0:00,45.0,3.0
2023/03/04  0:00,16.0,6.0
2023/03/05  0:00,39.0,7.0
2023/03/06  0:00,22.0,1.0
2023/03/07  0:00,58.0,26.0
2023/03/08  0:00,44.0,14.0
2023/03/09  0:00,31.0,7.0
2023/03/10  0:00,45.0,20.0
2023/03/11  0:00,36.0,13.0
2023/03/12  0:00,66.0,22.0
2023/03/13  0:00,34.0,4.0
2023/03/14  0:00,42.0,8.0
2023/03/15  0:00,54.0,15.0
2023/03/16  0:00,39.0,7.0
2023/03/17  0:00,29.0,8.0
2023/03/18  0:00,46.0,3.0
2023/03/19  0:00,50.0,11.0
2023/03/20  0:00,51.0,10.0
2023/03/21  0:00,41.0,6.0
2023/03/22  0:00,35.0,16.0
2023/03/23  0:00,32.0,14.0
2023/03/24  0:00,37.0,11.0
2023/03/25  0:00,23.0,6.0
2023/03/26  0:00,36.0,11.0
2023/03/27  0:00,43.0,17.0
2023/03/28  0:00,20.0,8.0
2023/03/29  0:00,50.0,28.0
2023/03/30  0:00,34.0,11.0
2023/03/31  0:00,67.0,2.0
2023/04/01  0:00,55.0,12.0
2023/04/02  0:00,32.0,8.0
2023/04/03  0:00,55.0,16.0
2023/04/04  0:00,45.0,14.0
2023/04/05  0:00,59.0,14.0
2023/04/06  0:00,51.0,14.0
2023/04/07  0:00,40.0,2.0
2023/04/08  0:00,42.0,8.0
2023/04/09  0:00,35.0,10.0
2023/04/10  0:00,53.0,17.0
2023/04/11  0:00,50.0,20.0
2023/04/12  0:00,48.0,5.0
2023/04/13  0:00,44.0,11.0
2023/04/14  0:00,43.0,11.0
2023/04/15  0:00,17.0,7.0
2023/04/16  0:00,37.0,8.0
2023/04/17  0:00,43.0,12.0
2023/04/18  0:00,43.0,14.0
2023/04/19  0:00,55.0,17.0
2023/04/20  0:00,31.0,17.0
2023/04/21  0:00,36.0,18.0
2023/04/22  0:00,29.0,9.0
2023/04/23  0:00,55.0,11.0
2023/04/24  0:00,38.0,6.0
2023/04/25  0:00,38.0,10.0
2023/04/26  0:00,39.0,14.0
2023/04/27  0:00,48.0,11.0
2023/04/28  0:00,36.0,9.0
2023/04/29  0:00,55.0,-1.0
2023/04/30  0:00,20.0,5.0
2023/05/01  0:00,40.0,9.0
2023/05/02  0:00,39.0,12.0
2023/05/03  0:00,23.0,8.0
2023/05/04  0:00,35.0,11.0
2023/05/05  0:00,34.0,9.0
2023/05/06  0:00,31.0,10.0
2023/05/07  0:00,67.0,24.0
2023/05/08  0:00,36.0,11.0
2023/05/09  0:00,37.0,13.0
2023/05/10  0:00,50.0,9.0
2023/05/11  0:00,46.0,10.0
2023/05/12  0:00,36.0,5.0
2023/05/13  0:00,17.0,7.0
2023/05/14  0:00,42.0,8.0
2023/05/15  0:00,26.0,10.0
2023/05/16  0:00,48.0,11.0
2023/05/17  0:00,28.0,4.0
2023/05/18  0:00,34.0,5.0
2023/05/19  0:00,32.0,6.0
2023/05/20  0:00,19.0,6.0
2023/05/21  0:00,51.0,12.0
2023/05/22  0:00,29.0,15.0
2023/05/23  0:00,36.0,13.0
2023/05/24  0:00,52.0,15.0
2023/05/25  0:00,44.0,5.0
2023/05/26  0:00,33.0,8.0
2023/05/27  0:00,24.0,0.0
2023/05/28  0:00,29.0,14.0
2023/05/29  0:00,39.0,8.0
2023/05/30  0:00,47.0,20.0
2023/05/31  0:00,37.0,10.0
2023/06/01  0:00,24.0,4.0
2023/06/02  0:00,37.0,8.0
2023/06/03  0:00,8.0,3.0
2023/06/04  0:00,53.0,6.0
2023/06/05  0:00,30.0,-2.0
2023/06/06  0:00,39.0,2.0
2023/06/07  0:00,37.0,6.0
2023/06/08  0:00,58.0,8.0
2023/06/09  0:00,48.0,14.0
2023/06/10  0:00,14.0,4.0
2023/06/11  0:00,51.0,4.0
2023/06/12  0:00,32.0,11.0
2023/06/13  0:00,49.0,9.0
2023/06/14  0:00,30.0,13.0
2023/06/15  0:00,58.0,11.0
2023/06/16  0:00,32.0,5.0
2023/06/17  0:00,24.0,15.0
2023/06/18  0:00,37.0,15.0
2023/06/19  0:00,28.0,11.0
2023/06/20  0:00,29.0,11.0
2023/06/21  0:00,23.0,19.0
2023/06/22  0:00,44.0,18.0
2023/06/23  0:00,20.0,9.0
2023/06/24  0:00,23.0,14.0
2023/06/25  0:00,31.0,24.0
2023/06/26  0:00,26.0,15.0
2023/06/27  0:00,24.0,14.0
2023/06/28  0:00,25.0,12.0
2023/06/29  0:00,36.0,13.0
2023/06/30  0:00,27.0,6.0
2023/07/01  0:00,16.0,4.0
2023/07/02  0:00,27.0,12.0
2023/07/03  0:00,25.0,10.0
2023/07/04  0:00,29.0,12.0
2023/07/05  0:00,11.0,4.0
2023/07/06  0:00,51.0,8.0
2023/07/07  0:00,33.0,28.0
2023/07/09  0:00,164.0,27.0
2023/07/10  0:00,35.0,15.0
2023/07/11  0:00,38.0,13.0
2023/07/12  0:00,31.0,13.0
2023/07/13  0:00,13.0,3.0
2023/07/14  0:00,30.0,1.0
2023/07/15  0:00,36.0,12.0
2023/07/16  0:00,32.0,15.0
2023/07/17  0:00,36.0,2.0
2023/07/18  0:00,46.0,0.0
2023/07/19  0:00,34.0,8.0
2023/07/20  0:00,32.0,12.0
2023/07/21  0:00,26.0,4.0
2023/07/22  0:00,36.0,11.0
2023/07/23  0:00,15.0,7.0
2023/07/24  0:00,45.0,12.0
2023/07/25  0:00,29.0,13.0
2023/07/26  0:00,28.0,10.0
2023/07/27  0:00,35.0,5.0
2023/07/28  0:00,23.0,3.0
2023/07/29  0:00,63.0,15.0
2023/07/30  0:00,41.0,6.0
2023/07/31  0:00,31.0,5.0
2023/08/01  0:00,31.0,11.0
2023/08/02  0:00,37.0,15.0
2023/08/03  0:00,28.0,13.0
2023/08/04  0:00,30.0,8.0
2023/08/05  0:00,24.0,8.0
2023/08/06  0:00,33.0,10.0
2023/08/07  0:00,33.0,5.0
2023/08/08  0:00,35.0,4.0
2023/08/09  0:00,55.0,14.0
2023/08/10  0:00,46.0,3.0
2023/08/11  0:00,53.0,7.0
2023/08/12  0:00,11.0,0.0
2023/08/13  0:00,38.0,5.0
2023/08/14  0:00,29.0,9.0
2023/08/15  0:00,45.0,8.0
2023/08/16  0:00,31.0,17.0
2023/08/17  0:00,34.0,6.0
2023/08/18  0:00,23.0,11.0
2023/08/19  0:00,35.0,6.0
2023/08/20  0:00,41.0,18.0
2023/08/21  0:00,49.0,10.0
2023/08/22  0:00,35.0,10.0
2023/08/23  0:00,36.0,3.0
2023/08/24  0:00,141.0,20.0
2023/08/25  0:00,232.0,19.0
2023/08/26  0:00,126.0,20.0
2023/08/27  0:00,74.0,11.0
2023/08/28  0:00,77.0,18.0
2023/08/29  0:00,59.0,11.0
2023/08/30  0:00,40.0,10.0
2023/08/31  0:00,41.0,19.0
2023/09/01  0:00,21.0,6.0
2023/09/02  0:00,31.0,7.0
2023/09/03  0:00,149.0,11.0
2023/09/04  0:00,91.0,15.0
2023/09/05  0:00,42.0,10.0
2023/09/06  0:00,93.0,14.0
2023/09/07  0:00,38.0,12.0
2023/09/08  0:00,28.0,18.0
2023/09/09  0:00,42.0,7.0
2023/09/10  0:00,20.0,13.0
2023/09/11  0:00,47.0,6.0
2023/09/12  0:00,28.0,10.0
2023/09/13  0:00,34.0,6.0
2023/09/14  0:00,21.0,8.0
2023/09/15  0:00,39.0,11.0
2023/09/16  0:00,24.0,9.0
2023/09/17  0:00,35.0,10.0
2023/09/18  0:00,26.0,11.0
2023/09/19  0:00,29.0,14.0
2023/09/20  0:00,36.0,8.0
2023/09/21  0:00,37.0,3.0
2023/09/22  0:00,31.0,11.0
2023/09/23  0:00,28.0,6.0
2023/09/24  0:00,26.0,6.0
2023/09/25  0:00,16.0,11.0
2023/09/26  0:00,49.0,18.0
2023/09/27  0:00,42.0,14.0
2023/09/28  0:00,30.0,6.0
2023/09/29  0:00,28.0,0.0
2023/10/01  0:00,34.0,15.0
2023/10/02  0:00,29.0,9.0
2023/10/03  0:00,15.0,7.0
2023/10/04  0:00,15.0,9.0
2023/10/05  0:00,32.0,11.0
2023/10/06  0:00,12.0,5.0
2023/10/07  0:00,17.0,7.0
2023/10/08  0:00,43.0,4.0
2023/10/09  0:00,24.0,11.0
2023/10/10  0:00,34.0,8.0
2023/10/11  0:00,35.0,14.0
2023/10/12  0:00,23.0,17.0
2023/10/13  0:00,29.0,15.0
2023/10/14  0:00,37.0,5.0
2023/10/15  0:00,15.0,4.0
2023/10/16  0:00,24.0,16.0
2023/10/17  0:00,34.0,9.0
2023/10/18  0:00,21.0,7.0
2023/10/19  0:00,51.0,5.0
2023/10/20  0:00,25.0,10.0
2023/10/21  0:00,23.0,14.0
2023/10/22  0:00,20.0,3.0
2023/10/23  0:00,21.0,8.0
2023/10/24  0:00,41.0,11.0
2023/10/25  0:00,36.0,7.0
2023/10/26  0:00,20.0,9.0
2023/10/27  0:00,24.0,0.0
2023/10/28  0:00,27.0,7.0
2023/10/29  0:00,20.0,2.0
2023/10/30  0:00,18.0,13.0
2023/10/31  0:00,20.0,10.0
2023/11/01  0:00,22.0,4.0
2023/11/02  0:00,41.0,12.0
2023/11/03  0:00,18.0,3.0
2023/11/04  0:00,37.0,12.0
2023/11/05  0:00,35.0,8.0
2023/11/06  0:00,37.0,17.0
2023/11/07  0:00,49.0,6.0
2023/11/08  0:00,31.0,16.0
2023/11/09  0:00,39.0,20.0
2023/11/10  0:00,20.0,10.0
2023/11/11  0:00,13.0,6.0
2023/11/12  0:00,38.0,6.0
2023/11/13  0:00,43.0,12.0
2023/11/14  0:00,28.0,12.0
2023/11/15  0:00,32.0,6.0
2023/11/16  0:00,36.0,13.0
2023/11/17  0:00,19.0,7.0
2023/11/18  0:00,10.0,2.0
2023/11/19  0:00,45.0,15.0
2023/11/20  0:00,29.0,12.0
2023/11/21  0:00,43.0,9.0
2023/11/22  0:00,56.0,6.0
2023/11/23  0:00,29.0,7.0
2023/11/24  0:00,36.0,5.0
2023/11/25  0:00,55.0,10.0
2023/11/26  0:00,44.0,9.0
2023/11/27  0:00,70.0,12.0
2023/11/28  0:00,52.0,8.0
2023/11/29  0:00,34.0,2.0
2023/11/30  0:00,43.0,11.0
2023/12/01  0:00,40.0,13.0
2023/12/02  0:00,29.0,9.0
2023/12/03  0:00,12.0,11.0
2023/12/04  0:00,43.0,11.0
2023/12/05  0:00,43.0,19.0
2023/12/06  0:00,27.0,4.0
2023/12/07  0:00,43.0,16.0
2023/12/08  0:00,27.0,8.0
2023/12/09  0:00,34.0,6.0
2023/12/10  0:00,32.0,9.0
2023/12/11  0:00,40.0,15.0
2023/12/12  0:00,37.0,8.0
2023/12/13  0:00,55.0,13.0
2023/12/14  0:00,49.0,13.0
2023/12/15  0:00,31.0,3.0
2023/12/16  0:00,19.0,7.0
2023/12/17  0:00,5.0,4.0
2023/12/18  0:00,30.0,15.0
2023/12/19  0:00,49.0,22.0
2023/12/20  0:00,27.0,7.0
2023/12/21  0:00,16.0,6.0
2023/12/22  0:00,41.0,8.0
2023/12/23  0:00,21.0,10.0
2023/12/24  0:00,14.0,10.0
2023/12/25  0:00,18.0,0.0
2023/12/26  0:00,39.0,14.0
2023/12/27  0:00,24.0,12.0
2023/12/28  0:00,42.0,12.0
2023/12/29  0:00,7.0,10.0
2023/12/30  0:00,29.0,15.0
2024/01/02  0:00,54.0,23.0
2024/01/03  0:00,37.0,6.0
2024/01/04  0:00,38.0,7.0
2024/01/05  0:00,23.0,10.0
2024/01/06  0:00,51.0,10.0
2024/01/07  0:00,28.0,5.0
2024/01/08  0:00,20.0,6.0
2024/01/09  0:00,23.0,6.0
2024/01/10  0:00,36.0,5.0
2024/01/11  0:00,39.0,10.0
2024/01/12  0:00,27.0,5.0
2024/01/13  0:00,29.0,9.0
2024/01/14  0:00,22.0,11.0
2024/01/15  0:00,20.0,14.0
2024/01/16  0:00,27.0,9.0
2024/01/17  0:00,31.0,12.0
2024/01/18  0:00,41.0,11.0
2024/01/19  0:00,31.0,3.0
2024/01/20  0:00,34.0,4.0
2024/01/21  0:00,27.0,2.0
2024/01/22  0:00,10.0,4.0
2024/01/23  0:00,36.0,13.0
2024/01/24  0:00,60.0,14.0
2024/01/25  0:00,41.0,3.0
2024/01/26  0:00,32.0,1.0
2024/01/27  0:00,45.0,9.0
2024/01/28  0:00,30.0,10.0
2024/01/29  0:00,35.0,9.0
2024/01/30  0:00,22.0,2.0
2024/01/31  0:00,52.0,18.0
2024/02/01  0:00,54.0,18.0
2024/02/02  0:00,48.0,9.0
2024/02/03  0:00,28.0,4.0
2024/02/04  0:00,10.0,0.0
2024/02/05  0:00,66.0,14.0
2024/02/06  0:00,36.0,8.0
2024/02/07  0:00,37.0,8.0
2024/02/08  0:00,29.0,4.0
2024/02/09  0:00,19.0,5.0
2024/02/10  0:00,29.0,16.0
2024/02/11  0:00,27.0,6.0
2024/02/12  0:00,33.0,11.0
2024/02/13  0:00,34.0,8.0
2024/02/14  0:00,35.0,5.0
2024/02/15  0:00,146.0,13.0
2024/02/16  0:00,107.0,24.0
2024/02/17  0:00,27.0,8.0
2024/02/18  0:00,60.0,15.0
2024/02/19  0:00,26.0,5.0
2024/02/20  0:00,22.0,-1169.0
2024/02/21  0:00,30.0,10.0
2024/02/22  0:00,31.0,13.0
2024/02/23  0:00,37.0,5.0
2024/02/24  0:00,17.0,5.0
2024/02/25  0:00,51.0,8.0
2024/02/26  0:00,30.0,14.0
2024/02/27  0:00,30.0,-2.0
2024/02/28  0:00,6.0,7.0
2024/02/29  0:00,54.0,23.0
2024/03/01  0:00,31.0,4.0
2024/03/02  0:00,34.0,1.0
2024/03/03  0:00,16.0,18.0
2024/03/04  0:00,36.0,17.0
2024/03/05  0:00,22.0,8.0
2024/03/06  0:00,41.0,17.0
2024/03/07  0:00,31.0,0.0
2024/03/08  0:00,23.0,9.0
2024/03/09  0:00,22.0,4.0
2024/03/10  0:00,30.0,5.0
2024/03/11  0:00,37.0,7.0
2024/03/12  0:00,38.0,9.0
2024/03/13  0:00,33.0,7.0
2024/03/14  0:00,24.0,5.0
2024/03/15  0:00,20.0,4.0
2024/03/16  0:00,22.0,8.0
2024/03/17  0:00,35.0,12.0
2024/03/18  0:00,24.0,11.0
2024/03/19  0:00,20.0,8.0
2024/03/20  0:00,25.0,7.0
2024/03/21  0:00,37.0,10.0
2024/03/22  0:00,29.0,9.0
2024/03/23  0:00,22.0,7.0
2024/03/24  0:00,41.0,4.0
2024/03/25  0:00,44.0,9.0
2024/03/26  0:00,38.0,6.0
2024/03/27  0:00,23.0,5.0
2024/03/28  0:00,21.0,18.0
2024/03/29  0:00,13.0,-1.0
2024/03/30  0:00,28.0,1.0
2024/03/31  0:00,25.0,2.0
2024/04/01  0:00,26.0,15.0
2024/04/02  0:00,27.0,15.0
2024/04/03  0:00,27.0,13.0
2024/04/04  0:00,28.0,5.0
2024/04/05  0:00,18.0,3.0
2024/04/06  0:00,32.0,2.0
2024/04/07  0:00,20.0,8.0
2024/04/08  0:00,40.0,7.0
2024/04/09  0:00,24.0,5.0
2024/04/10  0:00,25.0,-27.0
2024/04/11  0:00,43.0,6.0
2024/04/12  0:00,24.0,12.0
2024/04/13  0:00,40.0,17.0
2024/04/14  0:00,28.0,0.0
2024/04/15  0:00,22.0,11.0
2024/04/16  0:00,35.0,13.0
2024/04/17  0:00,32.0,14.0
2024/04/18  0:00,42.0,4.0
2024/04/19  0:00,8.0,-14.0
2024/04/20  0:00,32.0,10.0
2024/04/21  0:00,29.0,4.0
2024/04/22  0:00,21.0,5.0
2024/04/23  0:00,41.0,12.0
2024/04/24  0:00,23.0,-2.0
2024/04/25  0:00,56.0,8.0
2024/04/26  0:00,54.0,8.0
2024/04/27  0:00,49.0,19.0
2024/04/28  0:00,23.0,0.0
2024/04/29  0:00,38.0,-3.0
2024/04/30  0:00,27.0,11.0
2024/05/01  0:00,24.0,17.0
2024/05/02  0:00,22.0,-2.0
2024/05/03  0:00,20.0,6.0
2024/05/04  0:00,16.0,-1.0
2024/05/05  0:00,58.0,17.0
2024/05/06  0:00,28.0,8.0
2024/05/07  0:00,42.0,5.0
2024/05/08  0:00,30.0,6.0
2024/05/09  0:00,35.0,14.0
2024/05/10  0:00,23.0,8.0
2024/05/11  0:00,29.0,8.0
2024/05/12  0:00,18.0,4.0
2024/05/13  0:00,34.0,14.0
2024/05/14  0:00,29.0,13.0
2024/05/15  0:00,25.0,2.0
2024/05/16  0:00,28.0,1.0
2024/05/17  0:00,23.0,2.0
2024/05/18  0:00,16.0,12.0
2024/05/19  0:00,23.0,10.0
2024/05/20  0:00,22.0,4.0
2024/05/21  0:00,32.0,4.0
2024/05/22  0:00,30.0,3.0
2024/05/23  0:00,26.0,1.0
2024/05/24  0:00,27.0,7.0
2024/05/25  0:00,23.0,7.0
2024/05/26  0:00,34.0,4.0
2024/05/27  0:00,36.0,10.0
2024/05/28  0:00,39.0,14.0
2024/05/29  0:00,39.0,7.0
2024/05/30  0:00,22.0,-4.0
2024/05/31  0:00,23.0,11.0
2024/06/01  0:00,12.0,7.0
2024/06/02  0:00,23.0,2.0
2024/06/03  0:00,36.0,10.0
2024/06/04  0:00,6.0,-3.0
2024/06/05  0:00,30.0,12.0
2024/06/06  0:00,31.0,15.0
2024/06/07  0:00,84.0,4.0
2024/06/08  0:00,58.0,0.0
2024/06/09  0:00,40.0,14.0
2024/06/10  0:00,33.0,11.0
2024/06/11  0:00,43.0,6.0
2024/06/12  0:00,10.0,-11.0
2024/06/13  0:00,20.0,9.0
2024/06/14  0:00,16.0,8.0
2024/06/16  0:00,38.0,8.0
2024/06/17  0:00,31.0,10.0
2024/06/18  0:00,34.0,5.0
2024/06/19  0:00,35.0,8.0
2024/06/20  0:00,21.0,13.0
2024/06/21  0:00,8.0,3.0
2024/06/22  0:00,26.0,12.0
2024/06/23  0:00,29.0,9.0
2024/06/24  0:00,15.0,6.0
2024/06/25  0:00,35.0,7.0
2024/06/26  0:00,27.0,1.0
2024/06/27  0:00,43.0,8.0
2024/06/28  0:00,17.0,2.0
2024/06/29  0:00,15.0,-1.0
2024/06/30  0:00,33.0,7.0
2024/07/01  0:00,31.0,8.0
2024/07/02  0:00,22.0,5.0
2024/07/03  0:00,42.0,7.0
2024/07/04  0:00,67.0,23.0
2024/07/05  0:00,114.0,8.0
2024/07/06  0:00,66.0,0.0
2024/07/07  0:00,43.0,15.0
2024/07/08  0:00,18.0,12.0
2024/07/09  0:00,15.0,1.0
2024/07/10  0:00,31.0,10.0
2024/07/11  0:00,44.0,6.0
2024/07/12  0:00,26.0,7.0
2024/07/13  0:00,19.0,3.0
2024/07/14  0:00,15.0,-5.0
2024/07/15  0:00,32.0,13.0
2024/07/16  0:00,22.0,12.0
2024/07/17  0:00,35.0,14.0
2024/07/18  0:00,36.0,17.0
2024/07/19  0:00,3.0,2.0
2024/07/20  0:00,9.0,4.0
2024/07/21  0:00,43.0,18.0
2024/07/22  0:00,1.0,-6.0
2024/07/23  0:00,34.0,4.0
2024/07/24  0:00,24.0,11.0
2024/07/25  0:00,13.0,1.0
2024/07/26  0:00,15.0,2.0
2024/07/27  0:00,25.0,8.0
2024/07/28  0:00,21.0,7.0
2024/07/29  0:00,24.0,5.0
2024/07/30  0:00,38.0,9.0
2024/07/31  0:00,34.0,-1.0
2024/08/01  0:00,35.0,7.0
2024/08/02  0:00,31.0,8.0
2024/08/03  0:00,8.0,7.0
2024/08/04  0:00,42.0,11.0
2024/08/05  0:00,15.0,6.0
2024/08/06  0:00,29.0,7.0
2024/08/07  0:00,21.0,15.0
2024/08/08  0:00,17.0,1.0
2024/08/09  0:00,18.0,2.0
2024/08/10  0:00,25.0,16.0
2024/08/11  0:00,63.0,7.0
2024/08/12  0:00,24.0,-4.0
2024/08/13  0:00,43.0,17.0
2024/08/14  0:00,33.0,4.0
2024/08/15  0:00,38.0,9.0
2024/08/16  0:00,29.0,8.0
2024/08/17  0:00,28.0,2.0
2024/08/18  0:00,27.0,11.0
2024/08/19  0:00,57.0,19.0
2024/08/20  0:00,15.0,1.0
2024/08/21  0:00,24.0,12.0
2024/08/22  0:00,28.0,9.0
2024/08/23  0:00,10.0,-3.0
2024/08/24  0:00,28.0,2.0
2024/08/25  0:00,44.0,8.0
2024/08/26  0:00,31.0,2.0
2024/08/27  0:00,25.0,-1.0
2024/08/28  0:00,24.0,9.0
2024/08/29  0:00,22.0,9.0
2024/08/30  0:00,37.0,9.0
2024/08/31  0:00,30.0,9.0
2024/09/01  0:00,20.0,6.0
2024/09/02  0:00,18.0,10.0
2024/09/03  0:00,35.0,15.0
2024/09/04  0:00,27.0,-5.0
2024/09/05  0:00,25.0,10.0
2024/09/06  0:00,25.0,14.0
2024/09/07  0:00,52.0,14.0
2024/09/08  0:00,41.0,7.0
2024/09/09  0:00,61.0,10.0
2024/09/10  0:00,-5.0,8.0
2024/09/11  0:00,28.0,14.0
2024/09/12  0:00,32.0,19.0
2024/09/13  0:00,13.0,8.0
2024/09/14  0:00,54.0,1.0
2024/09/15  0:00,13.0,5.0
